rva,id,size,grade,source_function,class,compare_class,group_rows,candidate_symbol,candidate_rva,candidate_size,oracle_insns,candidate_insns,diff_causes,diff_calls,diff_strings,diff_floats,diff_data,diff_fields,diff_imms,shape,notes
0x00053880,phys_fn_002150,24,mapped,"AABBTreeBuilder::GetSplittingValue(const udword*, udword, const AABB&, udword)",SHAPE,SHAPE,1,?GetSplittingValue@AABBTreeBuilder@Opcode@@UBEMPBIIABVAABB@IceMaths@@I@Z,0x0009f860,32,6,11,,,,,,,,"n_insn 6->11; x87 3->5; ebp frame no->yes; float widths -4,+8",
0x000538a0,phys_fn_002152,14,mapped,"AABBTreeBuilder::ValidateSubdivision(const udword*, udword, const AABB&)",SHAPE,SHAPE,1,?ValidateSubdivision@AABBTreeBuilder@Opcode@@UAEHPBIIABVAABB@IceMaths@@@Z,0x000be510,32,5,8,,,,,,,,n_insn 5->8; ebp frame no->yes,
0x000538b0,phys_fn_002154,35,mapped,AABBTreeBuilder::~AABBTreeBuilder [scalar deleting; /OPT:ICF-folded with ~AABBTreeOfTrianglesBuilder],DIFF,DIFF,1,??1AABBTreeBuilder@Opcode@@UAE@XZ,0x000be260,16,13,2,allocator data,-census:phys_fn_004803; -icall[getter]+0xc,,,-oracle:0x0010833c; +??_7AABBTreeBuilder@Opcode@@6B@,,,n_insn 13->2; n_jcc 1->0; imms -0x4,
0x000b4d70,phys_fn_004836,20,mapped,Container::Container(),DIFF,DIFF,1,??0Container@IceCore@@QAE@XZ,0x00087bf0,48,7,9,floats data,,,+2.0,+?mNbContainers@Container@IceCore@@0IA; +?mUsedRam@Container@IceCore@@0IA,,,n_insn 7->9; x87 0->2; float widths +4; imms -0x40000000 +0x0 x3 +0x10,
0x000b4d90,phys_fn_004838,66,mapped,Container& Container::Empty(),DIFF,DIFF,1,?Empty@Container@IceCore@@QAEAAV12@XZ,0x00087dc0,80,22,22,data,,,,+?mUsedRam@Container@IceCore@@0IA,,+2,float widths -4,
0x000b4de0,phys_fn_004840,174,mapped,Container::Resize(udword),DIFF,DIFF,1,?Resize@Container@IceCore@@AAE_NI@Z,0x00087f60,208,73,75,data,,,,+?mUsedRam@Container@IceCore@@0IA,,+2,n_insn 73->75; x87 6->8; ebp frame no->yes; float widths -4; imms -0x0 -0x4,
0x000b4e90,phys_fn_004842,109,mapped,Container::SetSize(udword),DIFF,DIFF,1,?SetSize@Container@IceCore@@QAE_NI@Z,0x00088030,144,39,47,data,,,,+?mUsedRam@Container@IceCore@@0IA,,,n_insn 39->47; n_jcc 3->4; ebp frame no->yes; float widths -4; imms -0x0 +0x1,
0x000b4f00,phys_fn_004844,73,mapped,Container::Container(const Container&) [operator=(const Container&) IceContainer.cpp:340 inlined],DIFF,DIFF,1,??0Container@IceCore@@QAE@ABV01@@Z,0x00087a70,208,30,64,floats data,,,+2.0,+?mNbContainers@Container@IceCore@@0IA; +?mUsedRam@Container@IceCore@@0IA,,-3,inlining: candidate inlines Container::SetSize; n_insn 30->64; n_jcc 0->4; x87 0->5; ebp frame no->yes; float widths +4; imms -0x40000000 +0x0 x6 +0x10,
0x000b4f50,phys_fn_004846,64,mapped,Container::~Container(),DIFF,DIFF,1,??1Container@IceCore@@QAE@XZ,0x00087c20,96,21,27,data,,,,+?mNbContainers@Container@IceCore@@0IA; +?mUsedRam@Container@IceCore@@0IA,,+2 x2,n_insn 21->27; float widths -4; imms +0xfffffff0,
0x000b5710,phys_fn_004897,5,mapped,Collider::InitQuery,MATCH,MATCH,1,?InitQuery@Collider@Opcode@@MAEXXZ,0x00089150,16,2,2,,,,,,,,,
0x000b5720,phys_fn_004899,61,mapped,RayCollider::RayCollider,DIFF,DIFF,1,??0RayCollider@Opcode@@QAE@XZ,0x000a45d0,80,16,14,floats,,,+3.4028234663852886e+38,,-[0x88..0x8b],,n_insn 16->14; x87 0->2; float widths +4; imms -0x1 -0x7f7fffff +0x0 x4 +0x100,
0x000b5760,phys_fn_004901,11,mapped,RayCollider::~RayCollider,MATCH,MATCH,1,??1RayCollider@Opcode@@UAE@XZ,0x000a4630,16,2,2,,,,,,,,,
0x000b5770,phys_fn_004903,91,mapped,RayCollider::ValidateSettings,REVIEW,REVIEW,1,?ValidateSettings@RayCollider@Opcode@@UAEPBDXZ,0x000a5de0,96,33,34,,,,,,,-1 +2 +3,n_insn 33->34; n_jcc 7->6; float widths -4,
0x000b57d0,phys_fn_004905,2980,mapped,RayCollider::InitQuery,REVIEW,REVIEW,1,?InitQuery@RayCollider@Opcode@@IAEHABVRay@IceMaths@@PBVMatrix4x4@4@PAI@Z,0x000a49a0,3440,886,1167,,,,,,-[0x38..0x3f] -[0x88..0x8b] +[0x1c..0x1f] +[0x40..0x4b],--13 -1 -2 -bit@34..63 x2 +3 +4 x2 +bit@32..33 +clear@34..35,"memory ops -memcpy; calls counts -memcpy +Container::Resize x6; floats counts -0.5 x2; n_insn 886->1167; n_jcc 56->59; x87 498->760; fchs 2->0; ebp frame no->yes; float widths -4 x9,+8; imms -0x4 x6 -0x80000000 x2 -0x9 +0x0 x5 +0x1 x13 +0x20 +0x24 +0x3c +0xc x4",
0x000b6380,phys_fn_004907,13,mapped,RayCollider::_SegmentStab(const AABBCollisionNode*),REVIEW,REVIEW,2,?_SegmentStab@RayCollider@Opcode@@IAEXPBVAABBCollisionNode@2@@Z,0x000a86f0,1696,435,636,,,,,,-[0x88..0x8b] +[0x4c..0x4f],-bit@34..63 +set@34,calls counts +Container::Resize x3; n_insn 435->636; n_jcc 30->32; x87 265->429; fchs 1->0; ebp frame no->yes; float widths -4 x3; imms -0x80000000 +0x1 x4 +0x4 x2,
0x000b6390,phys_fn_004909,1379,mapped,RayCollider::_SegmentStab(const AABBCollisionNode*) [body],REVIEW,REVIEW,2,?_SegmentStab@RayCollider@Opcode@@IAEXPBVAABBCollisionNode@2@@Z,0x000a86f0,1696,435,636,,,,,,-[0x88..0x8b] +[0x4c..0x4f],-bit@34..63 +set@34,calls counts +Container::Resize x3; n_insn 435->636; n_jcc 30->32; x87 265->429; fchs 1->0; ebp frame no->yes; float widths -4 x3; imms -0x80000000 +0x1 x4 +0x4 x2,
0x000b6900,phys_fn_004911,13,mapped,RayCollider::_SegmentStab(const AABBQuantizedNode*),REVIEW,REVIEW,2,?_SegmentStab@RayCollider@Opcode@@IAEXPBVAABBQuantizedNode@2@@Z,0x000aa540,1824,471,680,,,,,,-[0x88..0x8b] +[0x4c..0x4f],-bit@34..63 +set@34,calls counts +Container::Resize x3; n_insn 471->680; n_jcc 30->32; x87 286->456; fchs 1->0; ebp frame no->yes; float widths -4 x3; imms -0x80000000 +0x1 x4 +0x4 x3,
0x000b6910,phys_fn_004913,1503,mapped,RayCollider::_SegmentStab(const AABBQuantizedNode*) [body],REVIEW,REVIEW,2,?_SegmentStab@RayCollider@Opcode@@IAEXPBVAABBQuantizedNode@2@@Z,0x000aa540,1824,471,680,,,,,,-[0x88..0x8b] +[0x4c..0x4f],-bit@34..63 +set@34,calls counts +Container::Resize x3; n_insn 471->680; n_jcc 30->32; x87 286->456; fchs 1->0; ebp frame no->yes; float widths -4 x3; imms -0x80000000 +0x1 x4 +0x4 x3,
0x000b6ef0,phys_fn_004915,2446,mapped,RayCollider::_SegmentStab(const AABBNoLeafNode*),REVIEW,REVIEW,1,?_SegmentStab@RayCollider@Opcode@@IAEXPBVAABBNoLeafNode@2@@Z,0x000a8d90,2976,749,1091,,,,,,-[0x64..0x67] -[0x88..0x8b] +[0x4c..0x4f],-bit@34..63 x2 +2 x3 +4 +set@34,calls counts +Container::Resize x6; floats counts -1.0; n_insn 749->1091; n_jcc 53->57; x87 464->738; fchs 2->0; ebp frame no->yes; float widths -4 x6; imms -0x80000000 +0x1 x8 +0x4,
0x000b7880,phys_fn_004917,2587,mapped,RayCollider::_SegmentStab(const AABBQuantizedNoLeafNode*),REVIEW,REVIEW,1,?_SegmentStab@RayCollider@Opcode@@IAEXPBVAABBQuantizedNoLeafNode@2@@Z,0x000a9930,3088,779,1126,,,,,,-[0x64..0x67] -[0x88..0x8b] +[0x4c..0x4f],-bit@34..63 x2 +2 x3 +4 +set@34,calls counts +Container::Resize x6; n_insn 779->1126; n_jcc 53->57; x87 483->758; fchs 2->0; ebp frame no->yes; float widths -4 x6; imms -0x80000000 +0x1 x8 +0x4,
0x000b82a0,phys_fn_004919,532,mapped,"RayCollider::_SegmentStab(const AABBTreeNode*, Container&)",REVIEW,REVIEW,1,?_SegmentStab@RayCollider@Opcode@@IAEXPBVAABBTreeNode@2@AAVContainer@IceCore@@@Z,0x000aac60,576,175,223,,,,,,,-bit@193..223 +bit@1..31,"floats counts -0.5 x4; n_insn 175->223; n_jcc 11->8; x87 94->148; ebp frame no->yes; float widths -4 x6,+8 x2; imms -0x24 +0x8",
0x000b84c0,phys_fn_004921,1418,mapped,RayCollider::_RayStab(const AABBCollisionNode*),REVIEW,REVIEW,1,?_RayStab@RayCollider@Opcode@@IAEXPBVAABBCollisionNode@2@@Z,0x000a5e40,1712,435,646,,,,,,-[0x88..0x8b] +[0x4c..0x4f],-bit@34..63 +set@34,calls counts +Container::Resize x3; floats counts -0.0 x2; n_insn 435->646; n_jcc 32->34; x87 259->424; fchs 1->0; ebp frame no->yes; float widths -4 x6; imms -0x80000000 +0x1 x4 +0x4 x4,
0x000b8a50,phys_fn_004923,1560,mapped,RayCollider::_RayStab(const AABBQuantizedNode*),REVIEW,REVIEW,1,?_RayStab@RayCollider@Opcode@@IAEXPBVAABBQuantizedNode@2@@Z,0x000a7d20,1856,474,693,,,,,,-[0x88..0x8b] +[0x4c..0x4f],-bit@34..63 +set@34,calls counts +Container::Resize x3; floats counts -0.0 x2; n_insn 474->693; n_jcc 32->34; x87 281->460; fchs 1->0; ebp frame no->yes; float widths -4 x6; imms -0x80000000 +0x1 x4 +0x4 x4,
0x000b9070,phys_fn_004925,2487,mapped,RayCollider::_RayStab(const AABBNoLeafNode*),REVIEW,REVIEW,1,?_RayStab@RayCollider@Opcode@@IAEXPBVAABBNoLeafNode@2@@Z,0x000a64f0,3024,756,1096,,,,,,-[0x88..0x8b] +[0x4c..0x4f],-bit@34..63 x2 +2 x3 +4 +set@34,calls counts +Container::Resize x6; floats counts -0.0 x2 -1.0; n_insn 756->1096; n_jcc 54->58; x87 461->736; fchs 2->0; ebp frame no->yes; float widths -4 x9; imms -0x4 x2 -0x80000000 x2 +0x1 x8 +0x1c,
0x000b9a30,phys_fn_004927,2624,mapped,RayCollider::_RayStab(const AABBQuantizedNoLeafNode*),REVIEW,REVIEW,1,?_RayStab@RayCollider@Opcode@@IAEXPBVAABBQuantizedNoLeafNode@2@@Z,0x000a70c0,3168,785,1138,,,,,,-[0x88..0x8b] +[0x4c..0x4f],-bit@34..63 x2 +2 x3 +4 +set@34,calls counts +Container::Resize x6; floats counts -0.0 x2; n_insn 785->1138; n_jcc 54->58; x87 479->759; fchs 2->0; ebp frame no->yes; float widths -4 x9; imms -0x4 -0x80000000 x2 +0x1 x8 +0x10,
0x000ba470,phys_fn_004928,578,mapped,"RayCollider::_RayStab(const AABBTreeNode*, Container&)",REVIEW,REVIEW,1,?_RayStab@RayCollider@Opcode@@IAEXPBVAABBTreeNode@2@AAVContainer@IceCore@@@Z,0x000a8460,656,179,249,,,,,,,-bit@193..223 +bit@1..31,"floats counts -0.0 x2 -0.5 x3; n_insn 179->249; n_jcc 14->11; x87 90->155; ebp frame no->yes; float widths -4 x9,+8 x3; imms -0x24 +0x8 x3",
0x000ba6c0,phys_fn_004930,36,mapped,RayCollider::`scalar deleting destructor',SHAPE,SHAPE,1,??_GRayCollider@Opcode@@UAEPAXI@Z,0x000a46a0,48,12,16,,,,,,,,inlining: oracle inlines operator delete; n_insn 12->16; ebp frame no->yes; imms +0x90,
0x000ba6f0,phys_fn_004932,398,mapped,"RayCollider::Collide(const Ray&, const Model&, const Matrix4x4*, udword*)",REVIEW,REVIEW,1,?Collide@RayCollider@Opcode@@QAE_NABVRay@IceMaths@@ABVModel@2@PBVMatrix4x4@4@PAI@Z,0x000a47a0,368,143,122,,,,,,+[0x14..0x23] +[0x6c..0x83],-1,n_insn 143->122; ebp frame no->yes,
0x000ba880,phys_fn_004934,91,mapped,"RayCollider::Collide(const Ray&, const AABBTree*, Container&)",SHAPE,SHAPE,1,?Collide@RayCollider@Opcode@@QAE_NABVRay@IceMaths@@PBVAABBTree@2@AAVContainer@IceCore@@@Z,0x000a4910,96,38,36,,,,,,,,n_insn 38->36; ebp frame no->yes,
0x000ba8e0,phys_fn_004936,3108,mapped,"TriTriOverlap(V0,V1,V2,U0,U1,U2)",DIFF,DIFF,1,?TriTriOverlap@AABBTreeCollider@Opcode@@IAEHABVPoint@IceMaths@@00000@Z,0x0008e4c0,2144,1058,824,floats,,,+9.999999974752427e-07,,+[0x2c..0x2f],-2,inlining: oracle inlines CoplanarTriTri; n_insn 1058->824; n_jcc 106->28; x87 668->703; fchs 12->6; ebp frame no->yes; float widths -4 x56; imms -0x1 x20 +0x18 x4,
0x000bb510,phys_fn_004938,57,mapped,AABBTreeCollider::AABBTreeCollider,SHAPE,SHAPE,1,??0AABBTreeCollider@Opcode@@QAE@XZ,0x00089390,80,18,15,,,,,,,,n_insn 18->15; imms -0x1 +0x0 x5 +0x101,
0x000bb550,phys_fn_004940,25,mapped,AABBTreeCollider::~AABBTreeCollider,MATCH,MATCH,1,??1AABBTreeCollider@Opcode@@UAE@XZ,0x000893e0,32,8,8,,,,,,,,,
0x000bb570,phys_fn_004942,20,mapped,AABBTreeCollider::ValidateSettings,REVIEW,REVIEW,1,?ValidateSettings@AABBTreeCollider@Opcode@@UAEPBDXZ,0x0008ed20,32,9,8,,,,,,,-1 +3,n_insn 9->8; n_jcc 2->0,
0x000bb590,phys_fn_004944,1933,mapped,"AABBTreeCollider::InitQuery(const Matrix4x4*, const Matrix4x4*)",REVIEW,REVIEW,2,?InitQuery@AABBTreeCollider@Opcode@@IAEXPBVMatrix4x4@IceMaths@@0@Z,0x0008b210,2560,531,679,,,,,,+[0x4c..0x9f],--13 +clear@34..35,"memory ops -memset; trivial floats +1.0; calls counts -memset x2; floats counts -9.999999974752427e-07 x2 +1.0 x2; n_insn 531->679; n_jcc 6->5; x87 396->586; ebp frame no->yes; float widths -4 x3,+8; imms -0x3 -0x3f800000 x8 -0x9 x2 +0x0 x28",
0x000bbd20,phys_fn_004946,58,probable,AABBTreeCollider::InitQuery [outlined block],REVIEW,REVIEW,2,?InitQuery@AABBTreeCollider@Opcode@@IAEXPBVMatrix4x4@IceMaths@@0@Z,0x0008b210,2560,531,679,,,,,,+[0x4c..0x9f],--13 +clear@34..35,"memory ops -memset; trivial floats +1.0; calls counts -memset x2; floats counts -9.999999974752427e-07 x2 +1.0 x2; n_insn 531->679; n_jcc 6->5; x87 396->586; ebp frame no->yes; float widths -4 x3,+8; imms -0x3 -0x3f800000 x8 -0x9 x2 +0x0 x28",
0x000bbd60,phys_fn_004948,2567,mapped,"AABBTreeCollider::PrimTest(udword, udword)",REVIEW,REVIEW,1,?PrimTest@AABBTreeCollider@Opcode@@IAEXII@Z,0x0008bc20,2848,721,1024,,,,,,+[0x18..0x1b],-2 -4 +set@34,"inlining: candidate inlines AABBTreeCollider::TriTriOverlap, oracle inlines CoplanarTriTri; n_insn 721->1024; n_jcc 31->30; x87 524->857; ebp frame no->yes; float widths -4 x21; imms -0x0 x5",
0x000bc770,phys_fn_004950,6842,mapped,AABBTreeCollider::_CollideTriBox(const AABBNoLeafNode*),REVIEW,REVIEW,1,?_CollideTriBox@AABBTreeCollider@Opcode@@IAEXPBVAABBNoLeafNode@2@@Z,0x0009b240,8000,1792,2705,,,,,,+[0xe8..0xeb] +[0xf4..0xf7] +[0x100..0x103],-2 -8,"inlining: candidate inlines AABBTreeCollider::TriTriOverlap, oracle inlines CoplanarTriTri; n_insn 1792->2705; x87 1327->2246; fchs 28->29; ebp frame no->yes; float widths -4 x45; imms -0x0 x12 -0x10 +0x1 +0x4 x8",
0x000be230,phys_fn_004952,6873,mapped,AABBTreeCollider::_CollideBoxTri(const AABBNoLeafNode*),REVIEW,REVIEW,1,?_CollideBoxTri@AABBTreeCollider@Opcode@@IAEXPBVAABBNoLeafNode@2@@Z,0x000973c0,8000,1797,2705,,,,,,+[0xe8..0xeb] +[0xf4..0xf7] +[0x100..0x103],-2 -4 -8 +bit@32 +bit@34,"inlining: candidate inlines AABBTreeCollider::TriTriOverlap, oracle inlines CoplanarTriTri; n_insn 1797->2705; x87 1327->2246; fchs 28->29; ebp frame no->yes; float widths -4 x45; imms -0x0 x11 +0x1 x2 +0x2 +0x4 x8",
0x000bfd10,phys_fn_004954,13042,mapped,"AABBTreeCollider::_Collide(const AABBNoLeafNode*, const AABBNoLeafNode*)",REVIEW,REVIEW,1,?_Collide@AABBTreeCollider@Opcode@@IAEXPBVAABBNoLeafNode@2@0@Z,0x0008f430,14832,3563,4888,,,,,,-[0xf4..0xf7],-4 -bit@224 +bit@0 +bit@2 +set@2,"inlining: candidate inlines AABBTreeCollider::TriTriOverlap, oracle inlines CoplanarTriTri; n_insn 3563->4888; n_jcc 156->153; x87 2567->3979; ebp frame no->yes; float widths -4 x83; imms -0x0 x20 -0x8 +0x1 +0x1c",
0x000c3010,phys_fn_004956,2149,mapped,"AABBTreeCollider::_Collide(const AABBQuantizedNode*, const AABBQuantizedNode*, const Point&, const Point&, const Point&, const Point&)",REVIEW,REVIEW,1,?_Collide@AABBTreeCollider@Opcode@@IAEXPBVAABBQuantizedNode@2@0ABVPoint@IceMaths@@111@Z,0x000969a0,2592,611,818,,,,,,-[0x14..0x15] +[0x12..0x13],,n_insn 611->818; x87 354->552; ebp frame no->yes; imms -0x10 +0x18 x4,
0x000c3880,phys_fn_004958,985,mapped,AABBTreeCollider::_CollideTriBox(const AABBQuantizedNoLeafNode*),REVIEW,REVIEW,2,?_CollideTriBox@AABBTreeCollider@Opcode@@IAEXPBVAABBQuantizedNoLeafNode@2@@Z,0x0009d180,8000,1835,2721,,,,,,+[0xe8..0xeb] +[0xf4..0xf7] +[0x100..0x103],-2 -4 -8 +bit@32 +bit@34,"inlining: candidate inlines AABBTreeCollider::TriTriOverlap, oracle inlines CoplanarTriTri; n_insn 1835->2721; x87 1346->2261; fchs 28->27; ebp frame no->yes; float widths -4 x45; imms -0x0 x10 +0x1 +0x4 x7",
0x000c3c60,phys_fn_004960,6151,mapped,AABBTreeCollider::_CollideTriBox(const AABBQuantizedNoLeafNode*) [body],REVIEW,REVIEW,2,?_CollideTriBox@AABBTreeCollider@Opcode@@IAEXPBVAABBQuantizedNoLeafNode@2@@Z,0x0009d180,8000,1835,2721,,,,,,+[0xe8..0xeb] +[0xf4..0xf7] +[0x100..0x103],-2 -4 -8 +bit@32 +bit@34,"inlining: candidate inlines AABBTreeCollider::TriTriOverlap, oracle inlines CoplanarTriTri; n_insn 1835->2721; x87 1346->2261; fchs 28->27; ebp frame no->yes; float widths -4 x45; imms -0x0 x10 +0x1 +0x4 x7",
0x000c5470,phys_fn_004962,986,mapped,AABBTreeCollider::_CollideBoxTri(const AABBQuantizedNoLeafNode*),REVIEW,REVIEW,2,?_CollideBoxTri@AABBTreeCollider@Opcode@@IAEXPBVAABBQuantizedNoLeafNode@2@@Z,0x00099300,8000,1835,2721,,,,,,+[0xe8..0xeb] +[0xf4..0xf7] +[0x100..0x103],-2 -4 -8,"inlining: candidate inlines AABBTreeCollider::TriTriOverlap, oracle inlines CoplanarTriTri; n_insn 1835->2721; x87 1346->2261; fchs 28->27; ebp frame no->yes; float widths -4 x45; imms -0x0 x10 +0x1 +0x4 x7",
0x000c5850,phys_fn_004964,6149,mapped,AABBTreeCollider::_CollideBoxTri(const AABBQuantizedNoLeafNode*) [body],REVIEW,REVIEW,2,?_CollideBoxTri@AABBTreeCollider@Opcode@@IAEXPBVAABBQuantizedNoLeafNode@2@@Z,0x00099300,8000,1835,2721,,,,,,+[0xe8..0xeb] +[0xf4..0xf7] +[0x100..0x103],-2 -4 -8,"inlining: candidate inlines AABBTreeCollider::TriTriOverlap, oracle inlines CoplanarTriTri; n_insn 1835->2721; x87 1346->2261; fchs 28->27; ebp frame no->yes; float widths -4 x45; imms -0x0 x10 +0x1 +0x4 x7",
0x000c7060,phys_fn_004966,13632,mapped,"AABBTreeCollider::_Collide(const AABBQuantizedNoLeafNode*, const AABBQuantizedNoLeafNode*)",REVIEW,REVIEW,1,?_Collide@AABBTreeCollider@Opcode@@IAEXPBVAABBQuantizedNoLeafNode@2@0@Z,0x00092e20,15232,3639,4977,,,,,,-[0xf4..0xf7],-4 -bit@128 +bit@0 +bit@2 +set@2,"inlining: candidate inlines AABBTreeCollider::TriTriOverlap, oracle inlines CoplanarTriTri; n_insn 3639->4977; n_jcc 156->153; x87 2602->4043; ebp frame no->yes; float widths -4 x83; imms -0x0 x20 -0x8 +0x1 +0x10",
0x000ca5a0,phys_fn_004967,6315,probable,AABBTreeCollider::_CollideTriBox(const AABBNoLeafNode*) [2nd instantiation],DIFF,DIFF,1,?_CollideTriBox@AABBTreeCollider@Opcode@@IAEXPBVAABBNoLeafNode@2@@Z,0x0009b240,8000,1816,2705,calls,-icall[?]+0xb8; +Container::Resize,,,,+[0xf4..0xf7] +[0x100..0x103] +[0x10c..0x10f],-2 +5 +bit@32,"inlining: candidate inlines AABBTreeCollider::TriTriOverlap, oracle inlines CoplanarTriTri; n_insn 1816->2705; n_jcc 108->103; x87 1345->2246; fchs 33->29; ebp frame no->yes; float widths -4 x47; imms -0x0 x10 -0x10 x2 +0x1 x5 +0x4 x12",
0x000cbe50,phys_fn_004969,6315,probable,AABBTreeCollider::_CollideBoxTri(const AABBNoLeafNode*) [2nd instantiation],DIFF,DIFF,1,?_CollideBoxTri@AABBTreeCollider@Opcode@@IAEXPBVAABBNoLeafNode@2@@Z,0x000973c0,8000,1816,2705,calls,-icall[?]+0xb8; +Container::Resize,,,,+[0xf4..0xf7] +[0x100..0x103] +[0x10c..0x10f],-2 +5 +bit@32,"inlining: candidate inlines AABBTreeCollider::TriTriOverlap, oracle inlines CoplanarTriTri; n_insn 1816->2705; n_jcc 108->103; x87 1345->2246; fchs 33->29; ebp frame no->yes; float widths -4 x47; imms -0x0 x10 -0x10 x2 +0x1 x5 +0x4 x12",
0x000cd700,phys_fn_004971,12843,probable,"AABBTreeCollider::_Collide(const AABBNoLeafNode*, const AABBNoLeafNode*) [2nd instantiation]",DIFF,DIFF,1,?_Collide@AABBTreeCollider@Opcode@@IAEXPBVAABBNoLeafNode@2@0@Z,0x0008f430,14832,3606,4888,calls,-icall[?]+0xbc; +Container::Resize,,,,-[0xf4..0xf7],+5 +bit@0 +bit@2 +bit@32 +set@2,"inlining: candidate inlines AABBTreeCollider::TriTriOverlap, oracle inlines CoplanarTriTri; n_insn 3606->4888; n_jcc 169->153; x87 2567->3979; icall_reg 1->0; ebp frame no->yes; float widths -4 x83; imms -0x0 x20 -0x10 x4 +0x1 x9 +0x1c +0x8 x4",
0x000d0930,phys_fn_004973,46,mapped,AABBTreeCollider::`scalar deleting destructor',SHAPE,SHAPE,1,??_GAABBTreeCollider@Opcode@@UAEPAXI@Z,0x00089680,64,15,19,,,,,,,,inlining: oracle inlines operator delete; n_insn 15->19; ebp frame no->yes; imms +0x114,
0x000d0960,phys_fn_004975,116,mapped,"AABBTreeCollider::Collide(const AABBNoLeafTree*, const AABBNoLeafTree*, const Matrix4x4*, const Matrix4x4*, Pair*)",REVIEW,REVIEW,1,?Collide@AABBTreeCollider@Opcode@@QAE_NPBVAABBNoLeafTree@2@0PBVMatrix4x4@IceMaths@@1PAUPair@IceCore@@@Z,0x00089f80,112,47,46,,,,,,,-1 -2 +3 +bit@32..33,n_insn 47->46; n_jcc 6->5; ebp frame no->yes,
0x000d09e0,phys_fn_004977,522,mapped,"AABBTreeCollider::Collide(const AABBQuantizedTree*, const AABBQuantizedTree*, ...)",REVIEW,REVIEW,1,?Collide@AABBTreeCollider@Opcode@@QAE_NPBVAABBQuantizedTree@2@0PBVMatrix4x4@IceMaths@@1PAUPair@IceCore@@@Z,0x0008a0d0,608,158,186,,,,,,+[0xc..0x17] +[0x1c..0x23] +[0xb8..0xbb] +[0xc4..0xc7],-1 -2 -bit@34 x2 +3 +bit@0..1 +bit@2 x2,n_insn 158->186; n_jcc 6->5; x87 36->76; ebp frame no->yes; imms -0x18 -0xc,
0x000d0bf0,phys_fn_004979,224,mapped,"AABBTreeCollider::Collide(const AABBQuantizedNoLeafTree*, const AABBQuantizedNoLeafTree*, ...)",REVIEW,REVIEW,1,?Collide@AABBTreeCollider@Opcode@@QAE_NPBVAABBQuantizedNoLeafTree@2@0PBVMatrix4x4@IceMaths@@1PAUPair@IceCore@@@Z,0x00089ff0,224,83,70,,,,,,+[0xc..0x17] +[0x1c..0x23] +[0xb8..0xe7],-1 -2 +3 +bit@32..33,n_insn 83->70; n_jcc 6->5; ebp frame no->yes,
0x000d0cd0,phys_fn_004980,1494,mapped,"AABBTreeCollider::_Collide(const AABBCollisionNode*, const AABBCollisionNode*)",REVIEW,REVIEW,1,?_Collide@AABBTreeCollider@Opcode@@IAEXPBVAABBCollisionNode@2@0@Z,0x0008ed50,1760,435,592,,,,,,,-1,n_insn 435->592; x87 282->403; ebp frame no->yes; imms -0x1c x2 +0x8 x5,
0x000d12b0,phys_fn_004982,140,probable,"AABBTreeCollider::Collide(const AABBNoLeafTree*, const AABBNoLeafTree*, ...) [2nd instantiation]",DIFF,DIFF,1,?Collide@AABBTreeCollider@Opcode@@QAE_NPBVAABBNoLeafTree@2@0PBVMatrix4x4@IceMaths@@1PAUPair@IceCore@@@Z,0x00089f80,112,62,46,calls,+AABBTreeCollider::PrimTest,,,,-[0x10..0x13] -[0x20..0x27] +[0x0..0x3] +[0x18..0x1b],-1 x6 +3 +bit@32..33 +bit@34 x2,n_insn 62->46; n_jcc 6->5; ebp frame no->yes; imms -0x18 x3 +0x14,
0x000d1340,phys_fn_004984,116,mapped,"AABBTreeCollider::Collide(const AABBCollisionTree*, const AABBCollisionTree*, ...)",REVIEW,REVIEW,1,?Collide@AABBTreeCollider@Opcode@@QAE_NPBVAABBCollisionTree@2@0PBVMatrix4x4@IceMaths@@1PAUPair@IceCore@@@Z,0x00089f10,112,47,46,,,,,,,-1 -2 +3 +bit@32..33,n_insn 47->46; n_jcc 6->5; ebp frame no->yes,
0x000d13c0,phys_fn_004986,214,mapped,"AABBTreeCollider::Collide(BVTCache&, const Matrix4x4*, const Matrix4x4*)",REVIEW,REVIEW,1,?Collide@AABBTreeCollider@Opcode@@QAE_NAAUBVTCache@2@PBVMatrix4x4@IceMaths@@1@Z,0x00089cf0,544,96,179,,,,,,+[0x14..0x17] +[0x1c..0x1f] +[0xb8..0xe7],-2 +3 +bit@32..33,"inlining: candidate inlines AABBTreeCollider::Collide(const AABBCollisionTree*,const AABBCollisionTree*,const Matrix4x4*,const Matrix4x4*,Pair*), candidate inlines AABBTreeCollider::Collide(const AABBNoLeafTree*,const AABBNoLeafTree*,const Matrix4x4*,const Matrix4x4*,Pair*), candidate inlines AABBTreeCollider::Collide(const AABBQuantizedNoLeafTree*,const AABBQuantizedNoLeafTree*,const Matrix4x4*,const Matrix4x4*,Pair*); n_insn 96->179; n_jcc 9->16; ebp frame no->yes; imms -0xc x3 +0x1",
0x000d14a0,phys_fn_004988,13,mapped,VolumeCollider::InitQuery,SHAPE,SHAPE,1,?InitQuery@VolumeCollider@Opcode@@MAEXXZ,0x00089160,32,5,4,,,,,,,,n_insn 5->4; imms +0x0 x2,
0x000d14b0,phys_fn_004990,1141,probable,LSSCollider::LSSTriOverlap [outlined block],REVIEW,REVIEW,3,?LSSTriOverlap@LSSCollider@Opcode@@IAEHABVPoint@IceMaths@@00@Z,0x000c0460,64,2281,26,,,,,,+[0x30..0x33] +[0x4c..0x4f],,"inlining: oracle inlines OPC_SegmentTriangleSqrDist, oracle inlines OPC_PointTriangleSqrDist, oracle inlines OPC_SegmentSegmentSqrDist; n_insn 2281->26; n_jcc 82->1; x87 1375->5; fchs 32->0; ebp frame no->yes; float widths -4 x51,-8; imms +0x1 +0xc x2",
0x000d1930,phys_fn_004992,1432,probable,LSSCollider::LSSTriOverlap [outlined block 2],REVIEW,REVIEW,3,?LSSTriOverlap@LSSCollider@Opcode@@IAEHABVPoint@IceMaths@@00@Z,0x000c0460,64,2281,26,,,,,,+[0x30..0x33] +[0x4c..0x4f],,"inlining: oracle inlines OPC_SegmentTriangleSqrDist, oracle inlines OPC_PointTriangleSqrDist, oracle inlines OPC_SegmentSegmentSqrDist; n_insn 2281->26; n_jcc 82->1; x87 1375->5; fchs 32->0; ebp frame no->yes; float widths -4 x51,-8; imms +0x1 +0xc x2",
0x000d1ed0,phys_fn_004994,5560,mapped,"LSSCollider::LSSTriOverlap(const Point&, const Point&, const Point&)",REVIEW,REVIEW,3,?LSSTriOverlap@LSSCollider@Opcode@@IAEHABVPoint@IceMaths@@00@Z,0x000c0460,64,2281,26,,,,,,+[0x30..0x33] +[0x4c..0x4f],,"inlining: oracle inlines OPC_SegmentTriangleSqrDist, oracle inlines OPC_PointTriangleSqrDist, oracle inlines OPC_SegmentSegmentSqrDist; n_insn 2281->26; n_jcc 82->1; x87 1375->5; fchs 32->0; ebp frame no->yes; float widths -4 x51,-8; imms +0x1 +0xc x2",
0x000d3490,phys_fn_004996,18,mapped,LSSCollider::LSSCollider,MATCH,MATCH,1,??0LSSCollider@Opcode@@QAE@XZ,0x000be6f0,32,7,7,,,,,,,,,
0x000d34b0,phys_fn_004998,11,mapped,LSSCollider::~LSSCollider,MATCH,MATCH,1,??1LSSCollider@Opcode@@UAE@XZ,0x000be820,16,2,2,,,,,,,,,
0x000d34c0,phys_fn_005000,1528,mapped,"LSSCollider::InitQuery(LSSCache&, const LSS&, const Matrix4x4*, const Matrix4x4*)",DIFF,DIFF,1,?InitQuery@LSSCollider@Opcode@@IAEHAAULSSCache@2@ABVLSS@IceMaths@@PBVMatrix4x4@5@2@Z,0x000bfb40,1456,469,475,calls sqrt-intrinsic floats,-LSSCollider::LSSTriOverlap; +OPC_SegmentTriangleSqrDist; +_CIsqrt,,-0.5,,-[0x70..0x77] +[0x3c..0x3f] +[0x48..0x4f],-12 +set@34..35,n_insn 469->475; n_jcc 23->22; x87 196->262; ebp frame no->yes; float widths -4 x8; imms -0x1 -0x10 -0x64 -0xc +0x0 x2,
0x000d3ac0,phys_fn_005002,13,mapped,LSSCollider::_Collide(const AABBCollisionNode*),DIFF,DIFF,2,?_Collide@LSSCollider@Opcode@@IAEXPBVAABBCollisionNode@2@@Z,0x000c3070,1024,161,393,calls floats,+OPC_SegmentTriangleSqrDist; +SqrDistance,,-3.4028234663852886e+38; -9.999999747378752e-06,,-[0x50..0x77] +[0x34..0x4b],,inlining: candidate inlines LSSCollider::LSSTriOverlap; n_insn 161->393; n_jcc 10->19; x87 77->269; fchs 0->6; ebp frame no->yes; imms -0x4 +0x18 +0x1c,
0x000d3ad0,phys_fn_005004,451,mapped,LSSCollider::_Collide(const AABBCollisionNode*) [body],DIFF,DIFF,2,?_Collide@LSSCollider@Opcode@@IAEXPBVAABBCollisionNode@2@@Z,0x000c3070,1024,161,393,calls floats,+OPC_SegmentTriangleSqrDist; +SqrDistance,,-3.4028234663852886e+38; -9.999999747378752e-06,,-[0x50..0x77] +[0x34..0x4b],,inlining: candidate inlines LSSCollider::LSSTriOverlap; n_insn 161->393; n_jcc 10->19; x87 77->269; fchs 0->6; ebp frame no->yes; imms -0x4 +0x18 +0x1c,
0x000d3ca0,phys_fn_005006,13,mapped,LSSCollider::_CollideNoPrimitiveTest(const AABBCollisionNode*),DIFF,DIFF,2,?_CollideNoPrimitiveTest@LSSCollider@Opcode@@IAEXPBVAABBCollisionNode@2@@Z,0x000c46e0,928,134,359,calls,+SqrDistance,,,,-[0xc..0xf] -[0x50..0x73] +[0x34..0x4b],,trivial floats +0.0 +1.0; floats counts +0.0 x5 +1.0; n_insn 134->359; n_jcc 9->18; x87 75->264; fchs 0->6; ebp frame no->yes; imms -0x4,
0x000d3cb0,phys_fn_005008,371,mapped,LSSCollider::_CollideNoPrimitiveTest(const AABBCollisionNode*) [body],DIFF,DIFF,2,?_CollideNoPrimitiveTest@LSSCollider@Opcode@@IAEXPBVAABBCollisionNode@2@@Z,0x000c46e0,928,134,359,calls,+SqrDistance,,,,-[0xc..0xf] -[0x50..0x73] +[0x34..0x4b],,trivial floats +0.0 +1.0; floats counts +0.0 x5 +1.0; n_insn 134->359; n_jcc 9->18; x87 75->264; fchs 0->6; ebp frame no->yes; imms -0x4,
0x000d3e30,phys_fn_005010,13,mapped,LSSCollider::_Collide(const AABBQuantizedNode*),DIFF,DIFF,2,?_Collide@LSSCollider@Opcode@@IAEXPBVAABBQuantizedNode@2@@Z,0x000c3e30,1152,189,429,calls floats,+OPC_SegmentTriangleSqrDist; +SqrDistance,,-3.4028234663852886e+38; -9.999999747378752e-06,,-[0x50..0x77] +[0x34..0x4b],,inlining: candidate inlines LSSCollider::LSSTriOverlap; n_insn 189->429; n_jcc 10->19; x87 93->293; fchs 0->6; ebp frame no->yes; imms -0x4 +0x10 +0xc,
0x000d3e40,phys_fn_005012,559,mapped,LSSCollider::_Collide(const AABBQuantizedNode*) [body],DIFF,DIFF,2,?_Collide@LSSCollider@Opcode@@IAEXPBVAABBQuantizedNode@2@@Z,0x000c3e30,1152,189,429,calls floats,+OPC_SegmentTriangleSqrDist; +SqrDistance,,-3.4028234663852886e+38; -9.999999747378752e-06,,-[0x50..0x77] +[0x34..0x4b],,inlining: candidate inlines LSSCollider::LSSTriOverlap; n_insn 189->429; n_jcc 10->19; x87 93->293; fchs 0->6; ebp frame no->yes; imms -0x4 +0x10 +0xc,
0x000d4070,phys_fn_005014,13,mapped,LSSCollider::_CollideNoPrimitiveTest(const AABBQuantizedNode*),DIFF,DIFF,2,?_CollideNoPrimitiveTest@LSSCollider@Opcode@@IAEXPBVAABBQuantizedNode@2@@Z,0x000c52a0,1056,162,394,calls,+SqrDistance,,,,-[0x50..0x73] +[0x34..0x4b],,trivial floats +0.0 +1.0; floats counts +0.0 x5 +1.0; n_insn 162->394; n_jcc 9->18; x87 91->288; fchs 0->6; ebp frame no->yes; imms -0x4,
0x000d4080,phys_fn_005016,479,mapped,LSSCollider::_CollideNoPrimitiveTest(const AABBQuantizedNode*) [body],DIFF,DIFF,2,?_CollideNoPrimitiveTest@LSSCollider@Opcode@@IAEXPBVAABBQuantizedNode@2@@Z,0x000c52a0,1056,162,394,calls,+SqrDistance,,,,-[0x50..0x73] +[0x34..0x4b],,trivial floats +0.0 +1.0; floats counts +0.0 x5 +1.0; n_insn 162->394; n_jcc 9->18; x87 91->288; fchs 0->6; ebp frame no->yes; imms -0x4,
0x000d4260,phys_fn_005018,592,mapped,LSSCollider::_Collide(const AABBNoLeafNode*),DIFF,DIFF,1,?_Collide@LSSCollider@Opcode@@IAEXPBVAABBNoLeafNode@2@@Z,0x000c3470,1184,209,448,calls floats,+OPC_SegmentTriangleSqrDist; +SqrDistance,,-3.4028234663852886e+38; -9.999999747378752e-06,,-[0x1c..0x1f] -[0x50..0x77] +[0x34..0x4b],-4 -bit@32 -bit@34 -set@34 +bit@0 +bit@2 +set@2,inlining: candidate inlines LSSCollider::LSSTriOverlap; n_insn 209->448; n_jcc 13->22; x87 79->275; fchs 0->6; ebp frame no->yes; imms -0x4,
0x000d44b0,phys_fn_005019,442,mapped,LSSCollider::_CollideNoPrimitiveTest(const AABBNoLeafNode*),DIFF,DIFF,1,?_CollideNoPrimitiveTest@LSSCollider@Opcode@@IAEXPBVAABBNoLeafNode@2@@Z,0x000c4a80,976,158,379,calls,+SqrDistance,,,,-[0xc..0xf] -[0x1c..0x1f] -[0x50..0x73] +[0x34..0x4b],-bit@32 -bit@34 -set@34 +1 +4 +5,trivial floats +0.0 +1.0; floats counts +0.0 x5 +1.0; n_insn 158->379; n_jcc 11->20; x87 75->264; fchs 0->6; ebp frame no->yes; imms -0x4,
0x000d4670,phys_fn_005021,700,mapped,LSSCollider::_Collide(const AABBQuantizedNoLeafNode*),DIFF,DIFF,1,?_Collide@LSSCollider@Opcode@@IAEXPBVAABBQuantizedNoLeafNode@2@@Z,0x000c3910,1312,237,489,calls floats,+OPC_SegmentTriangleSqrDist; +SqrDistance,,-3.4028234663852886e+38; -9.999999747378752e-06,,-[0x50..0x77] +[0x38..0x4b],-4 -bit@32 -bit@34 -set@34 +bit@0 +bit@2 +set@2,inlining: candidate inlines LSSCollider::LSSTriOverlap; n_insn 237->489; n_jcc 13->22; x87 95->299; fchs 0->6; ebp frame no->yes; imms -0x4,
0x000d4930,phys_fn_005023,550,mapped,LSSCollider::_CollideNoPrimitiveTest(const AABBQuantizedNoLeafNode*),DIFF,DIFF,1,?_CollideNoPrimitiveTest@LSSCollider@Opcode@@IAEXPBVAABBQuantizedNoLeafNode@2@@Z,0x000c4e50,1104,186,417,calls,+SqrDistance,,,,-[0x50..0x73] +[0x34..0x4b],-bit@32 -bit@34 -set@34 +1 +4 +5,trivial floats +0.0 +1.0; floats counts +0.0 x5 +1.0; n_insn 186->417; n_jcc 11->20; x87 91->289; fchs 0->6; ebp frame no->yes; imms -0x4,
0x000d4b60,phys_fn_005025,36,mapped,LSSCollider::`scalar deleting destructor',SHAPE,SHAPE,1,??_GLSSCollider@Opcode@@UAEPAXI@Z,0x000be8a0,48,12,16,,,,,,,,inlining: oracle inlines operator delete; n_insn 12->16; ebp frame no->yes; imms +0x50,
0x000d4b90,phys_fn_005027,361,mapped,"LSSCollider::Collide(LSSCache&, const LSS&, const Model&, const Matrix4x4*, const Matrix4x4*)",REVIEW,REVIEW,1,?Collide@LSSCollider@Opcode@@QAE_NAAULSSCache@2@ABVLSS@IceMaths@@ABVModel@2@PBVMatrix4x4@5@3@Z,0x000bf1c0,320,146,129,,,,,,-[0x0..0x3] +[0x14..0x2b],-1,n_insn 146->129; ebp frame no->yes,
0x000d4d00,phys_fn_005029,25,mapped,OBBCollider::OBBCollider,MATCH,MATCH,1,??0OBBCollider@Opcode@@QAE@XZ,0x000af710,32,8,8,,,,,,,,,
0x000d4d20,phys_fn_005031,11,mapped,OBBCollider::~OBBCollider,MATCH,MATCH,1,??1OBBCollider@Opcode@@UAE@XZ,0x000af760,16,2,2,,,,,,,,,
0x000d4d30,phys_fn_005033,8397,mapped,"OBBCollider::InitQuery(OBBCache&, const OBB&, const Matrix4x4*, const Matrix4x4*)",DIFF,DIFF,2,?InitQuery@OBBCollider@Opcode@@IAEHAAUOBBCache@2@ABVOBB@IceMaths@@PBVMatrix4x4@5@2@Z,0x000b2250,12096,2289,3067,calls,+Matrix3x3::operator cast,,,,+[0x58..0x9f] +[0xc4..0xdb],-12 +bit@66 +set@34,"inlining: candidate inlines census:phys_fn_005206, candidate inlines census:phys_fn_005404, oracle inlines OBB::IsInside; n_insn 2289->3067; n_jcc 95->96; x87 1623->2595; fchs 45->39; ebp frame no->yes; float widths -4 x13,+8; imms -0x3 -0x4 -0x9 x5 -0xc +0x0 x2 +0x1 x9 +0x10 x5 +0x18",
0x000d6e00,phys_fn_005035,569,probable,OBBCollider::InitQuery [outlined block],DIFF,DIFF,2,?InitQuery@OBBCollider@Opcode@@IAEHAAUOBBCache@2@ABVOBB@IceMaths@@PBVMatrix4x4@5@2@Z,0x000b2250,12096,2289,3067,calls,+Matrix3x3::operator cast,,,,+[0x58..0x9f] +[0xc4..0xdb],-12 +bit@66 +set@34,"inlining: candidate inlines census:phys_fn_005206, candidate inlines census:phys_fn_005404, oracle inlines OBB::IsInside; n_insn 2289->3067; n_jcc 95->96; x87 1623->2595; fchs 45->39; ebp frame no->yes; float widths -4 x13,+8; imms -0x3 -0x4 -0x9 x5 -0xc +0x0 x2 +0x1 x9 +0x10 x5 +0x18",
0x000d7040,phys_fn_005037,13,mapped,OBBCollider::_Collide(const AABBCollisionNode*),REVIEW,REVIEW,2,?_Collide@OBBCollider@Opcode@@IAEXPBVAABBCollisionNode@2@@Z,0x000b5da0,4880,1127,1642,,,,,,-[0x18..0x1b],,floats counts -0.0 x3; call order; n_insn 1127->1642; n_jcc 64->67; x87 831->1318; fchs 21->18; ebp frame no->yes; float widths -4 x5; imms +0x1 x3 +0x4 x5,
0x000d7050,phys_fn_005039,4084,mapped,OBBCollider::_Collide(const AABBCollisionNode*) [body],REVIEW,REVIEW,2,?_Collide@OBBCollider@Opcode@@IAEXPBVAABBCollisionNode@2@@Z,0x000b5da0,4880,1127,1642,,,,,,-[0x18..0x1b],,floats counts -0.0 x3; call order; n_insn 1127->1642; n_jcc 64->67; x87 831->1318; fchs 21->18; ebp frame no->yes; float widths -4 x5; imms +0x1 x3 +0x4 x5,
0x000d8050,phys_fn_005041,13,mapped,OBBCollider::_CollideNoPrimitiveTest(const AABBCollisionNode*),REVIEW,REVIEW,2,?_CollideNoPrimitiveTest@OBBCollider@Opcode@@IAEXPBVAABBCollisionNode@2@@Z,0x000bc3c0,1760,416,604,,,,,,,-bit@32 -bit@34 -set@34 +4 +bit@0 +bit@2,call order; n_insn 416->604; x87 290->431; ebp frame no->yes; imms +0x18 +0x4 x5,
0x000d8060,phys_fn_005043,1458,mapped,OBBCollider::_CollideNoPrimitiveTest(const AABBCollisionNode*) [body],REVIEW,REVIEW,2,?_CollideNoPrimitiveTest@OBBCollider@Opcode@@IAEXPBVAABBCollisionNode@2@@Z,0x000bc3c0,1760,416,604,,,,,,,-bit@32 -bit@34 -set@34 +4 +bit@0 +bit@2,call order; n_insn 416->604; x87 290->431; ebp frame no->yes; imms +0x18 +0x4 x5,
0x000d8620,phys_fn_005045,13,mapped,OBBCollider::_Collide(const AABBQuantizedNode*),SHAPE,SHAPE,2,?_Collide@OBBCollider@Opcode@@IAEXPBVAABBQuantizedNode@2@@Z,0x000bb020,5024,1157,1663,,,,,,,,floats counts -0.0 x3; call order; n_insn 1157->1663; n_jcc 64->67; x87 849->1327; fchs 21->18; ebp frame no->yes; float widths -4 x5; imms +0x1 x3 +0x4 x5,
0x000d8630,phys_fn_005047,4252,mapped,OBBCollider::_Collide(const AABBQuantizedNode*) [body],SHAPE,SHAPE,2,?_Collide@OBBCollider@Opcode@@IAEXPBVAABBQuantizedNode@2@@Z,0x000bb020,5024,1157,1663,,,,,,,,floats counts -0.0 x3; call order; n_insn 1157->1663; n_jcc 64->67; x87 849->1327; fchs 21->18; ebp frame no->yes; float widths -4 x5; imms +0x1 x3 +0x4 x5,
0x000d96d0,phys_fn_005049,13,mapped,OBBCollider::_CollideNoPrimitiveTest(const AABBQuantizedNode*),REVIEW,REVIEW,2,?_CollideNoPrimitiveTest@OBBCollider@Opcode@@IAEXPBVAABBQuantizedNode@2@@Z,0x000bd950,2000,446,692,,,,,,,-bit@32 -bit@34 -set@34 +4 +bit@0 +bit@2,call order; n_insn 446->692; x87 308->498; ebp frame no->yes; imms +0x4 x7,
0x000d96e0,phys_fn_005051,1626,mapped,OBBCollider::_CollideNoPrimitiveTest(const AABBQuantizedNode*) [body],REVIEW,REVIEW,2,?_CollideNoPrimitiveTest@OBBCollider@Opcode@@IAEXPBVAABBQuantizedNode@2@@Z,0x000bd950,2000,446,692,,,,,,,-bit@32 -bit@34 -set@34 +4 +bit@0 +bit@2,call order; n_insn 446->692; x87 308->498; ebp frame no->yes; imms +0x4 x7,
0x000d9d40,phys_fn_005053,2554,mapped,OBBCollider::_Collide(const AABBNoLeafNode*),REVIEW,REVIEW,2,?_Collide@OBBCollider@Opcode@@IAEXPBVAABBNoLeafNode@2@@Z,0x000b70b0,8048,1826,2673,,,,,,,-8 +1 +2 x2,floats counts -0.0; call order; n_insn 1826->2673; n_jcc 103->108; x87 1355->2197; fchs 37->36; ebp frame no->yes; float widths -4 x8; imms +0x1 x4 +0x4 x7,
0x000da740,phys_fn_005055,4324,mapped,OBBCollider::_Collide(const AABBNoLeafNode*) [body],REVIEW,REVIEW,2,?_Collide@OBBCollider@Opcode@@IAEXPBVAABBNoLeafNode@2@@Z,0x000b70b0,8048,1826,2673,,,,,,,-8 +1 +2 x2,floats counts -0.0; call order; n_insn 1826->2673; n_jcc 103->108; x87 1355->2197; fchs 37->36; ebp frame no->yes; float widths -4 x8; imms +0x1 x4 +0x4 x7,
0x000db830,phys_fn_005057,1527,mapped,OBBCollider::_CollideNoPrimitiveTest(const AABBNoLeafNode*),REVIEW,REVIEW,1,?_CollideNoPrimitiveTest@OBBCollider@Opcode@@IAEXPBVAABBNoLeafNode@2@@Z,0x000bcaa0,1808,441,616,,,,,,-[0x1c..0x1f],-bit@32 -bit@34 -set@34 +1 +4 +5,n_insn 441->616; x87 290->430; ebp frame no->yes; imms +0x4 x5,
0x000dbe30,phys_fn_005059,2745,mapped,OBBCollider::_Collide(const AABBQuantizedNoLeafNode*),REVIEW,REVIEW,2,?_Collide@OBBCollider@Opcode@@IAEXPBVAABBQuantizedNoLeafNode@2@@Z,0x000b9020,8192,1857,2682,,,,,,,-8 +2 x2,floats counts -0.0; call order; n_insn 1857->2682; n_jcc 103->108; x87 1374->2209; fchs 37->36; ebp frame no->yes; float widths -4 x8; imms +0x1 x4 +0x4 x5,
0x000dc8f0,phys_fn_005061,4344,mapped,OBBCollider::_Collide(const AABBQuantizedNoLeafNode*) [body],REVIEW,REVIEW,2,?_Collide@OBBCollider@Opcode@@IAEXPBVAABBQuantizedNoLeafNode@2@@Z,0x000b9020,8192,1857,2682,,,,,,,-8 +2 x2,floats counts -0.0; call order; n_insn 1857->2682; n_jcc 103->108; x87 1374->2209; fchs 37->36; ebp frame no->yes; float widths -4 x8; imms +0x1 x4 +0x4 x5,
0x000dd9f0,phys_fn_005063,1699,mapped,OBBCollider::_CollideNoPrimitiveTest(const AABBQuantizedNoLeafNode*),REVIEW,REVIEW,1,?_CollideNoPrimitiveTest@OBBCollider@Opcode@@IAEXPBVAABBQuantizedNoLeafNode@2@@Z,0x000bd1b0,1952,471,658,,,,,,,-bit@32 -bit@34 -set@34 +1 +4 +5,n_insn 471->658; x87 308->466; ebp frame no->yes; imms +0x4 x4,
0x000de0a0,phys_fn_005065,36,mapped,OBBCollider::`scalar deleting destructor',SHAPE,SHAPE,1,??_GOBBCollider@Opcode@@UAEPAXI@Z,0x000af7b0,48,12,16,,,,,,,,inlining: oracle inlines operator delete; n_insn 12->16; ebp frame no->yes; imms +0x134,
0x000de0d0,phys_fn_005067,361,mapped,"OBBCollider::Collide(OBBCache&, const OBB&, const Model&, const Matrix4x4*, const Matrix4x4*)",REVIEW,REVIEW,1,?Collide@OBBCollider@Opcode@@QAE_NAAUOBBCache@2@ABVOBB@IceMaths@@ABVModel@2@PBVMatrix4x4@5@3@Z,0x000b2110,320,146,129,,,,,,-[0x0..0x3] +[0x14..0x2b],-1,n_insn 146->129; ebp frame no->yes,
0x000de240,phys_fn_005069,1435,mapped,"SphereCollider::SphereTriOverlap(const Point&, const Point&, const Point&)",DIFF,DIFF,1,?SphereTriOverlap@SphereCollider@Opcode@@IAEHABVPoint@IceMaths@@00@Z,0x000a1970,1712,451,692,floats,,,--1.0,,,,n_insn 451->692; n_jcc 26->29; x87 349->594; fchs 2->6; ebp frame no->yes; float widths -4 x18; imms -0x1 -0xc,
0x000de7e0,phys_fn_005071,32,mapped,SphereCollider::SphereCollider,SHAPE,SHAPE,1,??0SphereCollider@Opcode@@QAE@XZ,0x000a0c00,32,12,12,,,,,,,,trivial floats +0.0; floats counts +0.0; x87 0->5,
0x000de800,phys_fn_005072,11,mapped,SphereCollider::~SphereCollider,MATCH,MATCH,1,??1SphereCollider@Opcode@@UAE@XZ,0x000a0c40,16,2,2,,,,,,,,,
0x000de810,phys_fn_005074,777,mapped,"SphereCollider::InitQuery(SphereCache&, const Sphere&, const Matrix4x4*, const Matrix4x4*)",DIFF,DIFF,1,?InitQuery@SphereCollider@Opcode@@IAEHAAUSphereCache@2@ABVSphere@IceMaths@@PBVMatrix4x4@5@2@Z,0x000a1250,832,290,289,sqrt-intrinsic,+_CIsqrt,,,,+[0x1c..0x1f] +[0x3c..0x3f],-12 x2 -bit@32..33 -bit@36..63 +clear@34..35 +set@34..35 x2,n_insn 290->289; n_jcc 20->19; x87 96->112; ebp frame no->yes; imms -0x1 -0x10 x2 +0x0 x4,
0x000deb20,phys_fn_005076,13,mapped,SphereCollider::_Collide(const AABBCollisionNode*),REVIEW,REVIEW,2,?_Collide@SphereCollider@Opcode@@IAEXPBVAABBCollisionNode@2@@Z,0x000a2030,960,385,380,,,,,,-[0x18..0x1b],,floats counts -0.0 x5; call order; n_insn 385->380; n_jcc 24->23; x87 251->250; ebp frame no->yes; float widths -4 x7,
0x000deb30,phys_fn_005078,1033,mapped,SphereCollider::_Collide(const AABBCollisionNode*) [body],REVIEW,REVIEW,2,?_Collide@SphereCollider@Opcode@@IAEXPBVAABBCollisionNode@2@@Z,0x000a2030,960,385,380,,,,,,-[0x18..0x1b],,floats counts -0.0 x5; call order; n_insn 385->380; n_jcc 24->23; x87 251->250; ebp frame no->yes; float widths -4 x7,
0x000def40,phys_fn_005080,13,mapped,SphereCollider::_CollideNoPrimitiveTest(const AABBCollisionNode*),REVIEW,REVIEW,2,?_CollideNoPrimitiveTest@SphereCollider@Opcode@@IAEXPBVAABBCollisionNode@2@@Z,0x000a35e0,912,358,375,,,,,,,-bit@32 -bit@34 -set@34 +4 +bit@0 +bit@2,floats counts -0.0 x5; call order; n_insn 358->375; n_jcc 23->22; x87 251->260; ebp frame no->yes; float widths -4 x7; imms +0x18,
0x000def50,phys_fn_005082,961,mapped,SphereCollider::_CollideNoPrimitiveTest(const AABBCollisionNode*) [body],REVIEW,REVIEW,2,?_CollideNoPrimitiveTest@SphereCollider@Opcode@@IAEXPBVAABBCollisionNode@2@@Z,0x000a35e0,912,358,375,,,,,,,-bit@32 -bit@34 -set@34 +4 +bit@0 +bit@2,floats counts -0.0 x5; call order; n_insn 358->375; n_jcc 23->22; x87 251->260; ebp frame no->yes; float widths -4 x7; imms +0x18,
0x000df320,phys_fn_005084,13,mapped,SphereCollider::_Collide(const AABBQuantizedNode*),SHAPE,SHAPE,2,?_Collide@SphereCollider@Opcode@@IAEXPBVAABBQuantizedNode@2@@Z,0x000a2d20,1136,415,446,,,,,,,,floats counts -0.0 x5; call order; n_insn 415->446; n_jcc 24->23; x87 269->299; ebp frame no->yes; float widths -4 x7; imms +0x4,
0x000df330,phys_fn_005086,1170,mapped,SphereCollider::_Collide(const AABBQuantizedNode*) [body],SHAPE,SHAPE,2,?_Collide@SphereCollider@Opcode@@IAEXPBVAABBQuantizedNode@2@@Z,0x000a2d20,1136,415,446,,,,,,,,floats counts -0.0 x5; call order; n_insn 415->446; n_jcc 24->23; x87 269->299; ebp frame no->yes; float widths -4 x7; imms +0x4,
0x000df7d0,phys_fn_005088,13,mapped,SphereCollider::_CollideNoPrimitiveTest(const AABBQuantizedNode*),REVIEW,REVIEW,2,?_CollideNoPrimitiveTest@SphereCollider@Opcode@@IAEXPBVAABBQuantizedNode@2@@Z,0x000a4180,1088,388,438,,,,,,,-bit@32 -bit@34 -set@34 +4 +bit@0 +bit@2,floats counts -0.0 x5; call order; n_insn 388->438; n_jcc 23->22; x87 269->309; ebp frame no->yes; float widths -4 x7; imms +0x4,
0x000df7e0,phys_fn_005090,1098,mapped,SphereCollider::_CollideNoPrimitiveTest(const AABBQuantizedNode*) [body],REVIEW,REVIEW,2,?_CollideNoPrimitiveTest@SphereCollider@Opcode@@IAEXPBVAABBQuantizedNode@2@@Z,0x000a4180,1088,388,438,,,,,,,-bit@32 -bit@34 -set@34 +4 +bit@0 +bit@2,floats counts -0.0 x5; call order; n_insn 388->438; n_jcc 23->22; x87 269->309; ebp frame no->yes; float widths -4 x7; imms +0x4,
0x000dfc30,phys_fn_005092,1172,mapped,SphereCollider::_Collide(const AABBNoLeafNode*),REVIEW,REVIEW,1,?_Collide@SphereCollider@Opcode@@IAEXPBVAABBNoLeafNode@2@@Z,0x000a23f0,1088,435,424,,,,,,,-4 +1 +set@34,floats counts -0.0 x5; call order; n_insn 435->424; n_jcc 27->26; x87 251->250; ebp frame no->yes; float widths -4 x7,
0x000e00d0,phys_fn_005094,1035,mapped,SphereCollider::_CollideNoPrimitiveTest(const AABBNoLeafNode*),REVIEW,REVIEW,1,?_CollideNoPrimitiveTest@SphereCollider@Opcode@@IAEXPBVAABBNoLeafNode@2@@Z,0x000a3970,944,386,379,,,,,,-[0x1c..0x1f],-bit@32 -bit@34 +1 +5,floats counts -0.0 x5; call order; n_insn 386->379; n_jcc 25->24; x87 251->250; ebp frame no->yes; float widths -4 x7,
0x000e04e0,phys_fn_005096,1309,mapped,SphereCollider::_Collide(const AABBQuantizedNoLeafNode*),REVIEW,REVIEW,1,?_Collide@SphereCollider@Opcode@@IAEXPBVAABBQuantizedNoLeafNode@2@@Z,0x000a2830,1264,465,491,,,,,,,-4 +1 +set@34,floats counts -0.0 x5; call order; n_insn 465->491; n_jcc 27->26; x87 269->299; ebp frame no->yes; float widths -4 x7; imms +0x4,
0x000e0a00,phys_fn_005098,1172,mapped,SphereCollider::_CollideNoPrimitiveTest(const AABBQuantizedNoLeafNode*),REVIEW,REVIEW,1,?_CollideNoPrimitiveTest@SphereCollider@Opcode@@IAEXPBVAABBQuantizedNoLeafNode@2@@Z,0x000a3d20,1120,416,444,,,,,,,-bit@32 -bit@34 +1 +5,floats counts -0.0 x5; call order; n_insn 416->444; n_jcc 25->24; x87 269->298; ebp frame no->yes; float widths -4 x7; imms +0x4,
0x000e0ea0,phys_fn_005100,13,mapped,SphereCollider::_Collide(const AABBTreeNode*),REVIEW,REVIEW,2,?_Collide@SphereCollider@Opcode@@IAEXPBVAABBTreeNode@2@@Z,0x000a3190,1104,403,435,,,,,,,-4 -bit@193..223 +bit@1..31 +set@34,"floats counts -0.0 x5 -0.5 x3; n_insn 403->435; n_jcc 25->21; x87 281->325; ebp frame no->yes; float widths -4 x13,+8 x3; imms -0x24 +0x4",
0x000e0eb0,phys_fn_005102,1152,mapped,SphereCollider::_Collide(const AABBTreeNode*) [body],REVIEW,REVIEW,2,?_Collide@SphereCollider@Opcode@@IAEXPBVAABBTreeNode@2@@Z,0x000a3190,1104,403,435,,,,,,,-4 -bit@193..223 +bit@1..31 +set@34,"floats counts -0.0 x5 -0.5 x3; n_insn 403->435; n_jcc 25->21; x87 281->325; ebp frame no->yes; float widths -4 x13,+8 x3; imms -0x24 +0x4",
0x000e1330,phys_fn_005103,36,mapped,SphereCollider::`scalar deleting destructor',SHAPE,SHAPE,1,??_GSphereCollider@Opcode@@UAEPAXI@Z,0x000a0c90,48,12,16,,,,,,,,inlining: oracle inlines operator delete; n_insn 12->16; ebp frame no->yes; imms +0x44,
0x000e1360,phys_fn_005105,361,mapped,"SphereCollider::Collide(SphereCache&, const Sphere&, const Model&, const Matrix4x4*, const Matrix4x4*)",REVIEW,REVIEW,1,?Collide@SphereCollider@Opcode@@QAE_NAAUSphereCache@2@ABVSphere@IceMaths@@ABVModel@2@PBVMatrix4x4@5@3@Z,0x000a1020,320,146,129,,,,,,-[0x0..0x3] +[0x14..0x2b],-1,n_insn 146->129; ebp frame no->yes,
0x000e14d0,phys_fn_005107,59,mapped,"SphereCollider::Collide(SphereCache&, const Sphere&, const AABBTree*)",SHAPE,SHAPE,1,?Collide@SphereCollider@Opcode@@QAE_NAAUSphereCache@2@ABVSphere@IceMaths@@PBVAABBTree@2@@Z,0x000a1160,64,27,24,,,,,,,,n_insn 27->24; ebp frame no->yes,
0x000e1510,phys_fn_005109,26,mapped,PlanesCollider::PlanesCollider,SHAPE,SHAPE,1,??0PlanesCollider@Opcode@@QAE@XZ,0x000aaee0,32,10,9,,,,,,,,n_insn 10->9; imms +0x0 x2,
0x000e1530,phys_fn_005111,22,mapped,"OBBCollider::ValidateSettings  [ICF-folded with PlanesCollider::ValidateSettings, OPC_PlanesCollider.cpp:80]",DIFF,DIFF,1,?ValidateSettings@OBBCollider@Opcode@@UAEPBDXZ,0x000b5d80,32,8,7,calls,-box hull getZero,,,,,-1 +3,inlining: oracle inlines VolumeCollider::ValidateSettings; n_insn 8->7; n_jcc 2->1,
0x000e1550,phys_fn_005113,1171,mapped,"PlanesCollider::InitQuery(PlanesCache&, const Plane*, udword, const Matrix4x4*)",DIFF,DIFF,1,?InitQuery@PlanesCollider@Opcode@@IAEHAAUPlanesCache@2@PBVPlane@IceMaths@@IPBVMatrix4x4@5@@Z,0x000ab800,1184,381,419,vector-iterator allocator data,-`vector constructor iterator'; -free; +operator delete[],,,-fnptr:NxBox identity row (slots 14-16),,--13 -12 -3 +clear@34..35 +set@34..35,inlining: oracle inlines operator new[]; n_insn 381->419; n_jcc 30->28; x87 103->162; ebp frame no->yes; float widths -4 x6; imms -0x1 -0x10 -0x9 -0xfffffffc +0x0 x8 +0x4,
0x000e19f0,phys_fn_005115,503,mapped,"PlanesCollider::_Collide(const AABBCollisionNode*, udword)",REVIEW,REVIEW,1,?_Collide@PlanesCollider@Opcode@@IAEXPBVAABBCollisionNode@2@I@Z,0x000abf20,608,191,232,,,,,,-[0x18..0x1b],,floats counts -0.0 x2; call order; n_insn 191->232; x87 66->100; ebp frame no->yes; float widths -4 x3; imms +0x18,
0x000e1bf0,phys_fn_005117,273,mapped,"PlanesCollider::_CollideNoPrimitiveTest(const AABBCollisionNode*, udword)",SHAPE,SHAPE,1,?_CollideNoPrimitiveTest@PlanesCollider@Opcode@@IAEXPBVAABBCollisionNode@2@I@Z,0x000acc90,336,112,134,,,,,,,,call order; n_insn 112->134; x87 33->44; ebp frame no->yes,
0x000e1d10,phys_fn_005119,157,mapped,"PlanesCollider::_Collide(const AABBQuantizedNode*, udword)",SHAPE,SHAPE,2,?_Collide@PlanesCollider@Opcode@@IAEXPBVAABBQuantizedNode@2@I@Z,0x000ac990,768,224,288,,,,,,,,floats counts -0.0 x2; call order; n_insn 224->288; x87 84->141; ebp frame no->yes; float widths -4 x3,
0x000e1db0,phys_fn_005121,477,mapped,"PlanesCollider::_Collide(const AABBQuantizedNode*, udword) [body]",SHAPE,SHAPE,2,?_Collide@PlanesCollider@Opcode@@IAEXPBVAABBQuantizedNode@2@I@Z,0x000ac990,768,224,288,,,,,,,,floats counts -0.0 x2; call order; n_insn 224->288; x87 84->141; ebp frame no->yes; float widths -4 x3,
0x000e1f90,phys_fn_005123,157,mapped,"PlanesCollider::_CollideNoPrimitiveTest(const AABBQuantizedNode*, udword)",SHAPE,SHAPE,2,?_CollideNoPrimitiveTest@PlanesCollider@Opcode@@IAEXPBVAABBQuantizedNode@2@I@Z,0x000ad190,480,147,181,,,,,,,,call order; n_insn 147->181; x87 51->85; ebp frame no->yes,
0x000e2030,phys_fn_005125,245,mapped,"PlanesCollider::_CollideNoPrimitiveTest(const AABBQuantizedNode*, udword) [body]",SHAPE,SHAPE,2,?_CollideNoPrimitiveTest@PlanesCollider@Opcode@@IAEXPBVAABBQuantizedNode@2@I@Z,0x000ad190,480,147,181,,,,,,,,call order; n_insn 147->181; x87 51->85; ebp frame no->yes,
0x000e2130,phys_fn_005127,13,mapped,"PlanesCollider::_Collide(const AABBNoLeafNode*, udword)",REVIEW,REVIEW,2,?_Collide@PlanesCollider@Opcode@@IAEXPBVAABBNoLeafNode@2@I@Z,0x000ac180,960,298,359,,,,,,-[0x1c..0x1f],-4 x2 +1 +set@34 x2,floats counts -0.0 x4; call order; n_insn 298->359; x87 99->157; ebp frame no->yes; float widths -4 x6,
0x000e2140,phys_fn_005129,800,mapped,"PlanesCollider::_Collide(const AABBNoLeafNode*, udword) [body]",REVIEW,REVIEW,2,?_Collide@PlanesCollider@Opcode@@IAEXPBVAABBNoLeafNode@2@I@Z,0x000ac180,960,298,359,,,,,,-[0x1c..0x1f],-4 x2 +1 +set@34 x2,floats counts -0.0 x4; call order; n_insn 298->359; x87 99->157; ebp frame no->yes; float widths -4 x6,
0x000e2460,phys_fn_005130,336,mapped,"PlanesCollider::_CollideNoPrimitiveTest(const AABBNoLeafNode*, udword)",REVIEW,REVIEW,1,?_CollideNoPrimitiveTest@PlanesCollider@Opcode@@IAEXPBVAABBNoLeafNode@2@I@Z,0x000acde0,384,137,147,,,,,,,-bit@32 -bit@34 -set@34 +1 +4 +5,call order; n_insn 137->147; x87 33->44; ebp frame no->yes,
0x000e25b0,phys_fn_005131,157,mapped,"PlanesCollider::_Collide(const AABBQuantizedNoLeafNode*, udword)",REVIEW,REVIEW,2,?_Collide@PlanesCollider@Opcode@@IAEXPBVAABBQuantizedNoLeafNode@2@I@Z,0x000ac540,1104,325,411,,,,,,,-4 +set@34,floats counts -0.0 x4; call order; n_insn 325->411; x87 117->199; ebp frame no->yes; float widths -4 x6; imms +0x10,
0x000e2650,phys_fn_005133,781,mapped,"PlanesCollider::_Collide(const AABBQuantizedNoLeafNode*, udword) [body]",REVIEW,REVIEW,2,?_Collide@PlanesCollider@Opcode@@IAEXPBVAABBQuantizedNoLeafNode@2@I@Z,0x000ac540,1104,325,411,,,,,,,-4 +set@34,floats counts -0.0 x4; call order; n_insn 325->411; x87 117->199; ebp frame no->yes; float widths -4 x6; imms +0x10,
0x000e2960,phys_fn_005135,464,mapped,"PlanesCollider::_CollideNoPrimitiveTest(const AABBQuantizedNoLeafNode*, udword)",REVIEW,REVIEW,1,?_CollideNoPrimitiveTest@PlanesCollider@Opcode@@IAEXPBVAABBQuantizedNoLeafNode@2@I@Z,0x000acf60,560,170,210,,,,,,-[0x10..0x13],-bit@32 -bit@34 -set@34 x2 +1 +bit@0 +bit@2 +set@2 x2,call order; n_insn 170->210; x87 51->84; ebp frame no->yes; imms +0x10,
0x000e2b30,phys_fn_005136,43,mapped,PlanesCollider::~PlanesCollider,DIFF,DIFF,1,??1PlanesCollider@Opcode@@UAE@XZ,0x000aaf60,64,14,18,allocator,-free; +operator delete[],,,,,+4 x2,n_insn 14->18,
0x000e2b60,phys_fn_005138,379,mapped,"PlanesCollider::Collide(PlanesCache&, const Plane*, udword, const Model&, const Matrix4x4*)",REVIEW,REVIEW,1,?Collide@PlanesCollider@Opcode@@QAE_NAAUPlanesCache@2@PBVPlane@IceMaths@@IABVModel@2@PBVMatrix4x4@5@@Z,0x000ab680,352,158,144,,,,,,-[0x0..0x3] +[0x14..0x2b],-1,n_insn 158->144; ebp frame no->yes,
0x000e2ce0,phys_fn_005140,64,mapped,PlanesCollider::`scalar deleting destructor',DIFF,DIFF,1,??_GPlanesCollider@Opcode@@UAEPAXI@Z,0x000ab050,80,21,29,allocator,+operator delete[],,,,,+4,inlining: oracle inlines operator delete; n_insn 21->29; ebp frame no->yes; imms +0x48,
0x000e2d20,phys_fn_005141,291,mapped,AABB::Add(const AABB&),REVIEW,REVIEW,1,?Add@AABB@IceMaths@@QAEAAV12@ABV12@@Z,0x000880e0,304,93,118,,,,,,+[0xc..0x17],,n_insn 93->118; x87 18->42; ebp frame no->yes; imms -0xc,
0x000e2e50,phys_fn_005143,279,probable,AABB::MakeCube(AABB&),SHAPE,SHAPE,1,?MakeCube@AABB@IceMaths@@QBEMAAV12@@Z,0x00088b70,304,80,120,,,,,,,,"inlining: candidate inlines census:phys_fn_000923; n_insn 80->120; x87 50->105; ebp frame no->yes; float widths -4 x6,+8",
0x000e2f70,phys_fn_005145,90,mapped,AABB::IsInside(const AABB&),SHAPE,SHAPE,1,?IsInside@AABB@IceMaths@@QBE_NABV12@@Z,0x00088b00,112,35,45,,,,,,,,n_insn 35->45; x87 18->24; ebp frame no->yes,
0x000e2fd0,phys_fn_005147,433,probable,AABB::ComputePoints(Point*),REVIEW,REVIEW,1,?ComputePoints@AABB@IceMaths@@QBE_NPAVPoint@2@@Z,0x00088940,336,130,120,,,,,,+[0xc..0x5f],,n_insn 130->120; x87 0->46; ebp frame no->yes; imms -0x54 -0xc,
0x000e31c0,phys_fn_005155,245,probable,"Plane::Set(const Point&, const Point&, const Point&)",DIFF,DIFF,1,?Set@Plane@IceMaths@@QAEAAV12@ABVPoint@2@00@Z,0x000841c0,368,92,148,sqrt-intrinsic,+_CIsqrt,,,,,,n_insn 92->148; x87 73->129; ebp frame no->yes; float widths -4 x2,
0x000e32c0,phys_fn_005157,27,mapped,RadixSort::RadixSort,SHAPE,SHAPE,1,??0RadixSort@IceCore@@QAE@XZ,0x00082f00,48,9,8,,,,,,,,n_insn 9->8; imms +0x0 x4,
0x000e32e0,phys_fn_005159,72,mapped,RadixSort::~RadixSort,REVIEW,REVIEW,1,??1RadixSort@IceCore@@QAE@XZ,0x00082f30,64,27,20,,,,,,-[0x0..0x3],,n_insn 27->20,
0x000e3330,phys_fn_005161,134,mapped,RadixSort::Resize(udword),REVIEW,REVIEW,1,?Resize@RadixSort@IceCore@@AAE_NI@Z,0x00082fb0,112,54,44,,,,,,-[0x0..0x3],,n_insn 54->44; n_jcc 5->4; ebp frame no->yes; imms -0x0 x2 -0x1,
0x000e33c0,phys_fn_005163,829,mapped,"RadixSort::Sort(const udword*, udword, RadixHint)",REVIEW,REVIEW,3,?Sort@RadixSort@IceCore@@QAEAAV12@PBIIW4RadixHint@2@@Z,0x00083050,1360,432,415,,,,,,-[0x14..0x17],+128 +2 +256 x2,calls counts -memset; n_insn 432->415; imms -0x10 -0x14 x2 -0x1414 -0x20 -0x200 -0x33 -0x400 -0x7f +0x0 +0x1 x2 +0x1000 +0x141c ...,
0x000e3700,phys_fn_005165,457,mapped,"RadixSort::Sort(const udword*, udword, RadixHint) [body]",REVIEW,REVIEW,3,?Sort@RadixSort@IceCore@@QAEAAV12@PBIIW4RadixHint@2@@Z,0x00083050,1360,432,415,,,,,,-[0x14..0x17],+128 +2 +256 x2,calls counts -memset; n_insn 432->415; imms -0x10 -0x14 x2 -0x1414 -0x20 -0x200 -0x33 -0x400 -0x7f +0x0 +0x1 x2 +0x1000 +0x141c ...,
0x000e38d0,phys_fn_005167,77,mapped,"RadixSort::Sort(const udword*, udword, RadixHint) [pass loop]",REVIEW,REVIEW,3,?Sort@RadixSort@IceCore@@QAEAAV12@PBIIW4RadixHint@2@@Z,0x00083050,1360,432,415,,,,,,-[0x14..0x17],+128 +2 +256 x2,calls counts -memset; n_insn 432->415; imms -0x10 -0x14 x2 -0x1414 -0x20 -0x200 -0x33 -0x400 -0x7f +0x0 +0x1 x2 +0x1000 +0x141c ...,
0x000e3920,phys_fn_005169,445,mapped,"RadixSort::Sort(const float*, udword)",REVIEW,REVIEW,4,?Sort@RadixSort@IceCore@@QAEAAV12@PBMI@Z,0x000835a0,1376,437,427,,,,,,-[0x14..0x17],-1024 -2 x5 -512 -bit@0..30 x3 +128 +2147483647 +24 x2 +256 x3 +clear@31 x2,n_insn 437->427; x87 11->20; imms -0x10 x2 -0x14 x2 -0x1414 -0x20 -0x200 -0x33 -0x4 x2 -0x400 -0x7f +0x0 +0x1 x3 +0x1000 ...,
0x000e3ae0,phys_fn_005171,669,mapped,"RadixSort::Sort(const float*, udword) [body]",REVIEW,REVIEW,4,?Sort@RadixSort@IceCore@@QAEAAV12@PBMI@Z,0x000835a0,1376,437,427,,,,,,-[0x14..0x17],-1024 -2 x5 -512 -bit@0..30 x3 +128 +2147483647 +24 x2 +256 x3 +clear@31 x2,n_insn 437->427; x87 11->20; imms -0x10 x2 -0x14 x2 -0x1414 -0x20 -0x200 -0x33 -0x4 x2 -0x400 -0x7f +0x0 +0x1 x3 +0x1000 ...,
0x000e3d80,phys_fn_005173,233,mapped,"RadixSort::Sort(const float*, udword) [body 2]",REVIEW,REVIEW,4,?Sort@RadixSort@IceCore@@QAEAAV12@PBMI@Z,0x000835a0,1376,437,427,,,,,,-[0x14..0x17],-1024 -2 x5 -512 -bit@0..30 x3 +128 +2147483647 +24 x2 +256 x3 +clear@31 x2,n_insn 437->427; x87 11->20; imms -0x10 x2 -0x14 x2 -0x1414 -0x20 -0x200 -0x33 -0x4 x2 -0x400 -0x7f +0x0 +0x1 x3 +0x1000 ...,
0x000e3e70,phys_fn_005175,42,mapped,"RadixSort::Sort(const float*, udword) [body 3]",REVIEW,REVIEW,4,?Sort@RadixSort@IceCore@@QAEAAV12@PBMI@Z,0x000835a0,1376,437,427,,,,,,-[0x14..0x17],-1024 -2 x5 -512 -bit@0..30 x3 +128 +2147483647 +24 x2 +256 x3 +clear@31 x2,n_insn 437->427; x87 11->20; imms -0x10 x2 -0x14 x2 -0x1414 -0x20 -0x200 -0x33 -0x4 x2 -0x400 -0x7f +0x0 +0x1 x3 +0x1000 ...,
0x000e3ed0,phys_fn_005179,126,probable,Triangle::Area,DIFF,DIFF,1,?Area@Triangle@IceMaths@@QBEMXZ,0x00081dc0,192,45,75,sqrt-intrinsic,+_CIsqrt,,,,,,"n_insn 45->75; x87 42->68; ebp frame no->yes; float widths -4,+8",
0x000e3f50,phys_fn_005181,206,probable,Triangle::Compacity,DIFF,DIFF,1,?Compacity@Triangle@IceMaths@@QBEMXZ,0x00081ef0,416,69,153,sqrt-intrinsic floats,+_CIsqrt,,+0.5; +12.566370964050293,,,,"trivial floats -1.0; n_insn 69->153; x87 57->141; ebp frame no->yes; float widths -4 x2,+8 x2; imms -0x4",
0x000e4020,phys_fn_005183,107,mapped,Triangle::Center(Point&),SHAPE,SHAPE,1,?Center@Triangle@IceMaths@@QBEXAAVPoint@2@@Z,0x00081e80,112,31,39,,,,,,,,"floats counts -0.3333333432674408 x2; n_insn 31->39; x87 21->32; ebp frame no->yes; float widths -4 x3,+8",
0x000e4090,phys_fn_005185,193,mapped,"Triangle::Inflate(float, bool)",DIFF,DIFF,1,?Inflate@Triangle@IceMaths@@QAEXM_N@Z,0x00082350,1152,67,428,sqrt-intrinsic,+_CIsqrt,,,,,,"inlining: candidate inlines Triangle::Center; n_insn 67->428; n_jcc 3->4; x87 45->401; ebp frame no->yes; float widths -4 x2,+8 x2; imms -0x3 -0xc +0x8",
0x000e4160,phys_fn_005187,58,mapped,"IndexedTriangle::ReplaceVertex(udword, udword)",SHAPE,SHAPE,1,?ReplaceVertex@IndexedTriangle@IceMaths@@QAE_NII@Z,0x00087840,64,21,27,,,,,,,,n_insn 21->27; ebp frame no->yes,
0x000e41a0,phys_fn_005189,92,mapped,"IndexedTriangle::FindEdge(udword, udword)",REVIEW,REVIEW,1,?FindEdge@IndexedTriangle@IceMaths@@QBEEII@Z,0x00086f60,128,41,62,,,,,,-[0x4..0xb],+3,n_insn 41->62; n_jcc 12->11; ebp frame no->yes; imms +0x8 x2,
0x000e4200,phys_fn_005191,159,mapped,"IceMaths::InvertPRMatrix(Matrix4x4&, const Matrix4x4&)",SHAPE,SHAPE,1,?InvertPRMatrix@IceMaths@@YAXAAVMatrix4x4@1@ABV21@@Z,0x00086230,160,56,60,,,,,,,,trivial floats +0.0 +1.0; floats counts +0.0 +1.0; n_insn 56->60; x87 30->54; ebp frame no->yes; imms -0x3f800000,
0x000e42a0,phys_fn_005193,251,mapped,"Matrix4x4::CoFactor(udword, udword)",REVIEW,REVIEW,1,?CoFactor@Matrix4x4@IceMaths@@QBEMII@Z,0x00085eb0,272,92,102,,,,,,-[0x0..0x3],+3,n_insn 92->102; x87 26->48; ebp frame no->yes; float widths -4,
0x000e43a0,phys_fn_005195,83,mapped,Matrix4x4::Determinant,SHAPE,SHAPE,1,?Determinant@Matrix4x4@IceMaths@@QBEMXZ,0x00085fc0,96,31,36,,,,,,,,n_insn 31->36; x87 10->12; ebp frame no->yes,
0x000e4400,phys_fn_005197,379,mapped,Matrix4x4::Invert,REVIEW,REVIEW,1,?Invert@Matrix4x4@IceMaths@@QAEAAV12@XZ,0x00086020,528,127,188,,,,,,+[0x10..0x3f],,inlining: candidate inlines Matrix4x4::Determinant; memory ops -memcpy; n_insn 127->188; x87 41->92; ebp frame no->yes; float widths -4; imms -0x10 +0x0 x5 +0x1 +0x2 +0x3,
0x000e4cb0,phys_fn_005204,124,probable,"Point::Mult(const Matrix3x3&, const Point&)",MISSING,,1,,,,40,,,,,,,,,,no candidate symbol; oracle callers -> candidate: none among map rows
0x000e6480,phys_fn_005265,331,probable,"SAP_PairData::GetFreeElem(udword, SAP_Element*, udword*)",DIFF,DIFF,1,?GetFreeElem@SAP_PairData@Opcode@@AAEPAVSAP_Element@2@IPAV32@PAI@Z,0x0009ff20,336,130,136,vector-iterator allocator data,-`vector constructor iterator'; -census:phys_fn_004803; -icall[getter]+0x0; -icall[getter]+0xc; +operator delete[]; +operator new[],,,-fnptr:NxBox identity row (slots 14-16),,+3 x2 +4,n_insn 130->136; ebp frame no->yes; imms -0x0 x2 -0x8 +0x4,
0x000e65d0,phys_fn_005267,149,probable,"SAP_PairData::AddPair(udword, udword)",SHAPE,SHAPE,1,?AddPair@SAP_PairData@Opcode@@QAEXII@Z,0x0009fd10,176,69,73,,,,,,,,n_insn 69->73; ebp frame no->yes; imms +0x0 x2,
0x000e6670,phys_fn_005269,115,probable,"SAP_PairData::RemovePair(udword, udword)",SHAPE,SHAPE,1,?RemovePair@SAP_PairData@Opcode@@QAEXII@Z,0x000a0700,96,50,43,,,,,,,,n_insn 50->43; ebp frame no->yes; imms -0x8,
0x000e66f0,phys_fn_005271,89,mapped,"SAP_PairData::DumpPairs(PairCallback, void*)",SHAPE,SHAPE,1,?DumpPairs@SAP_PairData@Opcode@@QBEXP6AHIIPAX@Z0@Z,0x0009fe90,96,42,40,,,,,,,,n_insn 42->40; ebp frame no->yes,
0x000e6750,phys_fn_005273,5,mapped,"SweepAndPrune::GetPairs(PairCallback, void*)",SHAPE,SHAPE,1,?GetPairs@SweepAndPrune@Opcode@@QBEXP6AHIIPAX@Z0@Z,0x000a0110,96,1,40,,,,,,,,"inlining: candidate inlines SAP_PairData::DumpPairs(fnptr,void*); n_insn 1->40; n_jcc 0->6; icall_reg 0->1; ebp frame no->yes; imms +0x8",
0x000e6760,phys_fn_005275,397,probable,"SweepAndPrune::UpdateObject(udword, const AABB&) [entry]",REVIEW,REVIEW,2,?UpdateObject@SweepAndPrune@Opcode@@QAE_NIABVAABB@IceMaths@@@Z,0x000a07a0,1072,353,398,,,,,,,+1 x2 +3,n_insn 353->398; x87 66->104; ebp frame no->yes; imms -0x4,
0x000e68f0,phys_fn_005277,600,probable,"SweepAndPrune::UpdateObject(udword, const AABB&)",REVIEW,REVIEW,2,?UpdateObject@SweepAndPrune@Opcode@@QAE_NIABVAABB@IceMaths@@@Z,0x000a07a0,1072,353,398,,,,,,,+1 x2 +3,n_insn 353->398; x87 66->104; ebp frame no->yes; imms -0x4,
0x000e6db0,phys_fn_005285,778,mapped,"SweepAndPrune::Init(udword, const AABB**)",DIFF,DIFF,1,?Init@SweepAndPrune@Opcode@@QAE_NIPAPBVAABB@IceMaths@@@Z,0x000a0220,704,272,242,calls allocator,-census:phys_fn_004816; -census:phys_fn_005281; +CompleteBoxPruning; +operator delete[]; +operator new[],,,,+[0x18..0x1b],--2 -2 +bit@96,"inlining: candidate inlines SAP_PairData::Init, oracle inlines memset; n_insn 272->242; n_jcc 19->21; x87 10->30; ebp frame no->yes; imms -0x20 +0x0 x3 +0x1 +0x18 +0x4 +0x8 +0xfffffffc +0xffffffff",
0x000e70c0,phys_fn_005287,180,probable,SAP_PairData::Init(udword) / Release path,DIFF,DIFF,1,?Init@SAP_PairData@Opcode@@QAE_NI@Z,0x000a0170,176,66,60,calls allocator,-Container::~Container; -SAP_PairData::AddPair; +operator delete[]; +operator new[],,,,-[0xc..0xf],-1 +3 +4,inlining: oracle inlines memset; n_insn 66->60; n_jcc 11->4; x87 18->0; ebp frame no->yes; imms -0xc +0x0 x6 +0x4 x3 +0xfffffffc,
0x000e7180,phys_fn_005289,37,mapped,SweepAndPrune::SweepAndPrune,REVIEW,REVIEW,1,??0SweepAndPrune@Opcode@@QAE@XZ,0x0009fba0,48,14,8,,,,,,-[0x18..0x2b],,n_insn 14->8; imms +0x0 x6,
0x000e8fa0,phys_fn_005355,16,mapped,MeshInterface::MeshInterface,SHAPE,SHAPE,1,??0MeshInterface@Opcode@@QAE@XZ,0x000be530,32,7,6,,,,,,,,n_insn 7->6; imms +0x0 x4,
0x000e8fb0,phys_fn_005356,32,mapped,MeshInterface::IsValid,SHAPE,SHAPE,1,?IsValid@MeshInterface@Opcode@@QBE_NXZ,0x000be630,32,15,12,,,,,,,,n_insn 15->12,
0x000e8fd0,phys_fn_005357,80,mapped,MeshInterface::CheckTopology,SHAPE,SHAPE,1,?CheckTopology@MeshInterface@Opcode@@QBEIXZ,0x000be5c0,112,38,48,,,,,,,,n_insn 38->48; ebp frame no->yes; imms -0xc,
0x000e9020,phys_fn_005358,53,mapped,MeshInterface::SetPointers,SHAPE,SHAPE,1,?SetPointers@MeshInterface@Opcode@@QAE_NPBVIndexedTriangle@IceMaths@@PBVPoint@4@@Z,0x000be650,64,16,20,,,,,,,,n_insn 16->20; ebp frame no->yes,
0x000e9060,phys_fn_005360,53,mapped,AABBTreeOfTrianglesBuilder::AABBTreeOfTrianglesBuilder,DIFF,DIFF,1,??0AABBTreeOfTrianglesBuilder@Opcode@@QAE@XZ,0x000be1c0,80,14,14,data,,,,-oracle:0x0011bab4; +??_7AABBTreeOfTrianglesBuilder@Opcode@@6B@,,,trivial floats +0.0; floats counts +0.0; x87 0->3; imms +0x0 x5,
0x000e90a0,phys_fn_005362,18,mapped,Model::Model,MATCH,MATCH,1,??0Model@Opcode@@QAE@XZ,0x000be230,32,7,7,,,,,,,,,
0x000e90c0,phys_fn_005364,18,mapped,Model::GetUsedBytes,SHAPE,SHAPE,1,?GetUsedBytes@Model@Opcode@@UBEIXZ,0x000be4e0,16,8,7,,,,,,,,n_insn 8->7,
0x000e90e0,phys_fn_005366,22,mapped,Model::~Model,DIFF,DIFF,1,??1Model@Opcode@@UAE@XZ,0x000be280,32,7,7,calls,-Model::Release; +BaseModel::~BaseModel,,,,,,,
0x000e9100,phys_fn_005368,375,mapped,Model::Build(const OPCODECREATE&),DIFF,DIFF,1,?Build@Model@Opcode@@UAE_NABUOPCODECREATE@2@@Z,0x000be360,384,139,135,calls data,-AABBTreeOfTrianglesBuilder::AABBTreeOfTrianglesBuilder; -Model::Release; -icall[obj]+0x18; -icall[obj]+0x4; +BaseModel::ReleaseBase,,,+??_7AABBTreeOfTrianglesBuilder@Opcode@@6B@,+[0x14..0x1b],,n_insn 139->135; icall_reg 0->2; ebp frame no->yes; imms -0x1 -0x4 -0x93 +0x0 x3 +0xb0,
0x000e9280,phys_fn_005370,47,mapped,Model::~Model / `scalar deleting destructor',DIFF,DIFF,1,??_GModel@Opcode@@UAEPAXI@Z,0x000be330,48,16,18,calls allocator,-Model::Release; -census:phys_fn_004803; -icall[getter]+0xc; +BaseModel::~BaseModel; +operator delete,,,,,,n_insn 16->18; ebp frame no->yes; imms +0x14,
0x000e92b0,phys_fn_005372,60,mapped,OPCODECREATE::OPCODECREATE,REVIEW,REVIEW,1,??0OPCODECREATE@Opcode@@QAE@XZ,0x000c57f0,48,17,10,,,,,,-[0x4..0x7],,trivial floats +0.0; floats counts +0.0; n_insn 17->10; x87 0->3; imms -0x7fffffff +0x0 +0x101,
0x000e92f0,phys_fn_005374,23,mapped,BaseModel::BaseModel,SHAPE,SHAPE,1,??0BaseModel@Opcode@@QAE@XZ,0x000c57c0,48,8,7,,,,,,,,n_insn 8->7; imms +0x0 x4,
0x000e9310,phys_fn_005376,249,mapped,"BaseModel::CreateTree(bool, bool)",DIFF,DIFF,1,?CreateTree@BaseModel@Opcode@@IAE_N_N0@Z,0x000c58e0,256,97,100,allocator,+icall[getter]+0xc,,,,,-1,n_insn 97->100; ebp frame no->yes; imms -0x0 x3 -0x1,
0x000e9410,phys_fn_005378,15,mapped,BaseModel::Refit,DIFF,DIFF,1,?Refit@BaseModel@Opcode@@UAE_NXZ,0x000c5a00,16,7,7,calls,-icall[obj]+0x8,,,,+[0x8..0xb],,icall_reg 0->1,
0x000e9480,phys_fn_005384,61,probable,Model::Release,SHAPE,SHAPE,1,?Release@Model@Opcode@@AAEXXZ,0x000be4f0,16,24,1,,,,,,,,inlining: oracle inlines BaseModel::ReleaseBase; n_insn 24->1; n_jcc 2->0; imms -0x0 x2 -0x1,
0x000e9550,phys_fn_005388,67,probable,BaseModel::ReleaseBase,DIFF,DIFF,1,?ReleaseBase@BaseModel@Opcode@@IAEXXZ,0x000c5a10,80,25,26,data,,,,-??_7BaseModel@Opcode@@6B@,,,calls counts +census:phys_fn_004803 +icall[getter]+0xc; n_insn 25->26; imms -0x1 +0x0,
0x000e95a0,phys_fn_005390,91,mapped,BaseModel::~BaseModel / `scalar deleting destructor',DIFF,DIFF,1,??_GBaseModel@Opcode@@UAEPAXI@Z,0x000c5870,112,33,37,allocator,+operator delete,,,,,,n_insn 33->37; ebp frame no->yes; imms -0x1 +0x0 +0x14,
0x000e9600,phys_fn_005392,126,mapped,AABBTreeOfAABBsBuilder::ComputeGlobalBox,SHAPE,SHAPE,1,?ComputeGlobalBox@AABBTreeOfAABBsBuilder@Opcode@@UBE_NPBIIAAVAABB@IceMaths@@@Z,0x0009f1f0,144,52,59,,,,,,,,n_insn 52->59; ebp frame no->yes,
0x000e9680,phys_fn_005394,33,mapped,"AABBTreeOfAABBsBuilder::GetSplittingValue(udword, udword)",SHAPE,SHAPE,1,?GetSplittingValue@AABBTreeOfAABBsBuilder@Opcode@@UBEMII@Z,0x0009f880,48,9,14,,,,,,,,"n_insn 9->14; x87 3->5; ebp frame no->yes; float widths -4,+8",
0x000e96b0,phys_fn_005396,569,mapped,AABBTreeOfTrianglesBuilder::ComputeGlobalBox,DIFF,DIFF,1,?ComputeGlobalBox@AABBTreeOfTrianglesBuilder@Opcode@@UBE_NPBIIAAVAABB@IceMaths@@@Z,0x0009f280,864,188,323,floats,,,+3.4028234663852886e+38,,+[0x10..0x17],+2 x2,n_insn 188->323; x87 60->220; ebp frame no->yes; float widths +4; imms -0x7f7fffff x3 -0xc -0xff7fffff x2,
0x000e98f0,phys_fn_005398,79,mapped,"AABBTreeOfTrianglesBuilder::GetSplittingValue(udword, udword)",REVIEW,REVIEW,1,?GetSplittingValue@AABBTreeOfTrianglesBuilder@Opcode@@UBEMII@Z,0x0009f8b0,96,26,30,,,,,,-[0x0..0x7],,"n_insn 26->30; x87 4->7; ebp frame no->yes; float widths -4,+8",
0x000e9940,phys_fn_005400,345,mapped,"AABBTreeOfTrianglesBuilder::GetSplittingValue(const udword*, udword, const AABB&, udword)",DIFF,DIFF,1,?GetSplittingValue@AABBTreeOfTrianglesBuilder@Opcode@@UBEMPBIIABVAABB@IceMaths@@I@Z,0x0009f910,192,109,68,calls floats,-AABBTreeOfTrianglesBuilder::GetSplittingValue,,+0.5; +4294967296.0,,-[0x4..0x7],-2 x2,n_insn 109->68; x87 13->23; ebp frame no->yes; float widths +8; imms -0x8 +0x10,
0x000e9aa0,phys_fn_005402,122,probable,AABBTreeOfTrianglesBuilder::GetSplittingValue(...) [outlined loop],AMBIGUOUS,,1,,,,34,,,,,,,,,,candidates: ?GetSplittingValue@AABBTreeOfTrianglesBuilder@Opcode@@UBEMII@Z | ?GetSplittingValue@AABBTreeOfTrianglesBuilder@Opcode@@UBEMPBIIABVAABB@IceMaths@@I@Z
0x000e9b80,phys_fn_005406,18,mapped,AABBCollider::AABBCollider,MATCH,MATCH,1,??0AABBCollider@Opcode@@QAE@XZ,0x000c6950,32,7,7,,,,,,,,,
0x000e9ba0,phys_fn_005408,11,mapped,AABBCollider::~AABBCollider,MATCH,MATCH,1,??1AABBCollider@Opcode@@UAE@XZ,0x000c6990,16,2,2,,,,,,,,,
0x000e9bb0,phys_fn_005410,4848,mapped,"AABBCollider::InitQuery(AABBCache&, const CollisionAABB&)",REVIEW,REVIEW,1,?InitQuery@AABBCollider@Opcode@@IAEHAAUAABBCache@2@ABVCollisionAABB@2@@Z,0x000c8f00,6256,1491,2146,,,,,,+[0x24..0x2b] +[0x34..0x3f] +[0x4c..0x67] +[0x70..0x73],-12 x2 +set@34..35 x2,floats counts -0.0 x4; n_insn 1491->2146; n_jcc 97->100; x87 1019->1683; fchs 42->34; ebp frame no->yes; float widths -4 x10; imms -0x58 +0x0 x2 +0x1 x10 +0x8 x5,
0x000eaea0,phys_fn_005411,2435,mapped,AABBCollider::_Collide(const AABBCollisionNode*),REVIEW,REVIEW,1,?_Collide@AABBCollider@Opcode@@IAEXPBVAABBCollisionNode@2@@Z,0x000cb2f0,3120,752,1117,,,,,,-[0x18..0x1b] +[0x64..0x67] +[0x70..0x73],,floats counts -0.0 x2; call order; n_insn 752->1117; n_jcc 50->52; x87 520->844; fchs 21->17; ebp frame no->yes; float widths -4 x5; imms +0x1 x2 +0x4 x7,
0x000eb830,phys_fn_005413,337,mapped,AABBCollider::_CollideNoPrimitiveTest(const AABBCollisionNode*),REVIEW,REVIEW,1,?_CollideNoPrimitiveTest@AABBCollider@Opcode@@IAEXPBVAABBCollisionNode@2@@Z,0x000cfd50,432,115,168,,,,,,,-bit@32 -bit@34 -set@34 +4 +bit@0 +bit@2,call order; n_insn 115->168; x87 42->73; ebp frame no->yes; imms +0x18 +0x4,
0x000eb990,phys_fn_005415,2569,mapped,AABBCollider::_Collide(const AABBQuantizedNode*),REVIEW,REVIEW,1,?_Collide@AABBCollider@Opcode@@IAEXPBVAABBQuantizedNode@2@@Z,0x000cee10,3344,782,1198,,,,,,+[0x64..0x67] +[0x70..0x73],,floats counts -0.0 x2; call order; n_insn 782->1198; n_jcc 50->53; x87 538->898; fchs 21->17; ebp frame no->yes; float widths -4 x5; imms +0x1 x3 +0x4 x9,
0x000ec3a0,phys_fn_005417,13,mapped,AABBCollider::_CollideNoPrimitiveTest(const AABBQuantizedNode*),REVIEW,REVIEW,2,?_CollideNoPrimitiveTest@AABBCollider@Opcode@@IAEXPBVAABBQuantizedNode@2@@Z,0x000d0330,561,145,217,,,,,,,-bit@32 -bit@34 -set@34 +4 +bit@0 +bit@2,call order; n_insn 145->217; x87 60->113; ebp frame no->yes; imms +0x4,
0x000ec3b0,phys_fn_005419,459,mapped,AABBCollider::_CollideNoPrimitiveTest(const AABBQuantizedNode*) [body],REVIEW,REVIEW,2,?_CollideNoPrimitiveTest@AABBCollider@Opcode@@IAEXPBVAABBQuantizedNode@2@@Z,0x000d0330,561,145,217,,,,,,,-bit@32 -bit@34 -set@34 +4 +bit@0 +bit@2,call order; n_insn 145->217; x87 60->113; ebp frame no->yes; imms +0x4,
0x000ec580,phys_fn_005421,4686,mapped,AABBCollider::_Collide(const AABBNoLeafNode*),REVIEW,REVIEW,1,?_Collide@AABBCollider@Opcode@@IAEXPBVAABBNoLeafNode@2@@Z,0x000cbf20,5936,1380,2045,,,,,,+[0x64..0x67] +[0x70..0x73],-4 -8 +1 +set@34,floats counts -0.0 x2; call order; n_insn 1380->2045; n_jcc 89->94; x87 980->1607; fchs 37->34; ebp frame no->yes; float widths -4 x8; imms +0x1 x4 +0x4 x8,
0x000ed7d0,phys_fn_005423,13,mapped,AABBCollider::_CollideNoPrimitiveTest(const AABBNoLeafNode*),REVIEW,REVIEW,2,?_CollideNoPrimitiveTest@AABBCollider@Opcode@@IAEXPBVAABBNoLeafNode@2@@Z,0x000cff00,464,139,175,,,,,,-[0x1c..0x1f],-bit@32 -bit@34 -set@34 +1 +4 +5,call order; n_insn 139->175; x87 42->67; ebp frame no->yes; imms +0x4,
0x000ed7e0,phys_fn_005425,372,mapped,AABBCollider::_CollideNoPrimitiveTest(const AABBNoLeafNode*) [body],REVIEW,REVIEW,2,?_CollideNoPrimitiveTest@AABBCollider@Opcode@@IAEXPBVAABBNoLeafNode@2@@Z,0x000cff00,464,139,175,,,,,,-[0x1c..0x1f],-bit@32 -bit@34 -set@34 +1 +4 +5,call order; n_insn 139->175; x87 42->67; ebp frame no->yes; imms +0x4,
0x000ed960,phys_fn_005427,4880,mapped,AABBCollider::_Collide(const AABBQuantizedNoLeafNode*),REVIEW,REVIEW,1,?_Collide@AABBCollider@Opcode@@IAEXPBVAABBQuantizedNoLeafNode@2@@Z,0x000cd650,6080,1409,2103,,,,,,+[0x64..0x67] +[0x70..0x73],-4 -8 +1 +set@34,floats counts -0.0 x2; call order; n_insn 1409->2103; n_jcc 89->93; x87 998->1649; fchs 37->34; ebp frame no->yes; float widths -4 x8; imms +0x1 x3 +0x4 x9,
0x000eec70,phys_fn_005428,526,mapped,AABBCollider::_CollideNoPrimitiveTest(const AABBQuantizedNoLeafNode*),REVIEW,REVIEW,1,?_CollideNoPrimitiveTest@AABBCollider@Opcode@@IAEXPBVAABBQuantizedNoLeafNode@2@@Z,0x000d00d0,608,169,224,,,,,,,-bit@32 -bit@34 -set@34 +1 +4 +5,call order; n_insn 169->224; x87 60->104; ebp frame no->yes; imms +0x4,
0x000eee80,phys_fn_005430,539,mapped,AABBCollider::_Collide(const AABBTreeNode*),REVIEW,REVIEW,1,?_Collide@AABBCollider@Opcode@@IAEXPBVAABBTreeNode@2@@Z,0x000cfb20,560,163,214,,,,,,,-4 -bit@193..223 +bit@1..31 +set@34,"floats counts -0.5 x4; n_insn 163->214; n_jcc 14->11; x87 72->130; ebp frame no->yes; float widths -4 x6,+8 x2; imms -0x24 +0x4",
0x000ef0a0,phys_fn_005432,36,mapped,AABBCollider::`scalar deleting destructor',SHAPE,SHAPE,1,??_GAABBCollider@Opcode@@UAEPAXI@Z,0x000c69d0,48,12,16,,,,,,,,inlining: oracle inlines operator delete; n_insn 12->16; ebp frame no->yes; imms +0x88,
0x000ef0d0,phys_fn_005434,351,mapped,"AABBCollider::Collide(AABBCache&, const CollisionAABB&, const Model&)",REVIEW,REVIEW,1,?Collide@AABBCollider@Opcode@@QAE_NAAUAABBCache@2@ABVCollisionAABB@2@ABVModel@2@@Z,0x000c6b80,320,142,127,,,,,,-[0x0..0x3] +[0x14..0x2b],-1,n_insn 142->127; ebp frame no->yes,
0x000ef230,phys_fn_005436,55,mapped,"AABBCollider::Collide(AABBCache&, const CollisionAABB&, const AABBTree*)",SHAPE,SHAPE,1,?Collide@AABBCollider@Opcode@@QAE_NAAUAABBCache@2@ABVCollisionAABB@2@PBVAABBTree@2@@Z,0x000c6cc0,64,25,22,,,,,,,,n_insn 25->22; ebp frame no->yes,
0x000f0510,phys_fn_005487,20,mapped,Collider::Collider,SHAPE,SHAPE,1,??0Collider@Opcode@@QAE@XZ,0x000c56c0,32,7,6,,,,,,,,n_insn 7->6; imms +0x0 x3,
0x000f0530,phys_fn_005489,7,mapped,Collider::~Collider,MATCH,MATCH,1,??1Collider@Opcode@@UAE@XZ,0x000c56e0,16,2,2,,,,,,,,,
0x000f0540,phys_fn_005491,31,mapped,Collider::`scalar deleting destructor',SHAPE,SHAPE,1,??_GCollider@Opcode@@UAEPAXI@Z,0x000c56f0,48,11,15,,,,,,,,inlining: oracle inlines operator delete; n_insn 11->15; ebp frame no->yes; imms +0x10,
0x000f0560,phys_fn_005493,252,probable,"Segment::SquareDistance(const Point&, float*) const",SHAPE,SHAPE,1,?SquareDistance@Segment@IceMaths@@QBEMABVPoint@2@PAM@Z,0x00082e00,256,90,108,,,,,,,,floats counts -0.0; n_insn 90->108; x87 76->91; ebp frame no->yes; float widths -4 x3,
0x000f0660,phys_fn_005495,29,mapped,VolumeCollider::VolumeCollider,SHAPE,SHAPE,1,??0VolumeCollider@Opcode@@QAE@XZ,0x00088fd0,48,11,10,,,,,,,,n_insn 11->10; imms +0x0 x3,
0x000f0680,phys_fn_005497,18,mapped,VolumeCollider::~VolumeCollider,MATCH,MATCH,1,??1VolumeCollider@Opcode@@UAE@XZ,0x00089000,32,3,3,,,,,,,,,
0x000f06a0,phys_fn_005499,136,mapped,VolumeCollider::_Dump(const AABBNoLeafNode*) [IMPLEMENT_NOLEAFDUMP],REVIEW,REVIEW,1,?_Dump@VolumeCollider@Opcode@@IAEXPBVAABBNoLeafNode@2@@Z,0x00089210,144,56,56,,,,,,-[0x10..0x13],-5 +bit@32 +bit@34,ebp frame no->yes,
0x000f0730,phys_fn_005501,136,mapped,VolumeCollider::_Dump(const AABBQuantizedNoLeafNode*),REVIEW,REVIEW,1,?_Dump@VolumeCollider@Opcode@@IAEXPBVAABBQuantizedNoLeafNode@2@@Z,0x000892a0,144,56,56,,,,,,,-5 +bit@32 +bit@34,ebp frame no->yes,
0x000f07c0,phys_fn_005503,90,mapped,VolumeCollider::_Dump(const AABBCollisionNode*) [IMPLEMENT_LEAFDUMP],REVIEW,REVIEW,1,?_Dump@VolumeCollider@Opcode@@IAEXPBVAABBCollisionNode@2@@Z,0x000891b0,96,37,38,,,,,,,-1 x2 +bit@192 +bit@416,n_insn 37->38; ebp frame no->yes; imms -0x1c; field bytes -[0x35..0x37],
0x000f0820,phys_fn_005505,90,mapped,VolumeCollider::_Dump(const AABBQuantizedNode*),REVIEW,REVIEW,1,?_Dump@VolumeCollider@Opcode@@IAEXPBVAABBQuantizedNode@2@@Z,0x00089330,96,37,38,,,,,,,-1 x2 +bit@224 +bit@96,n_insn 37->38; ebp frame no->yes; imms -0x10; field bytes -[0x1d..0x1f],
0x000f0880,phys_fn_005507,14,probable,AABBTreeNode::AABBTreeNode,SHAPE,SHAPE,1,??0AABBTreeNode@Opcode@@QAE@XZ,0x000c5aa0,32,6,5,,,,,,,,n_insn 6->5; imms +0x0 x3,
0x000f0890,phys_fn_005509,158,mapped,AABBTreeNode::`vector deleting destructor' [~AABBTreeNode inlined],DIFF,DIFF,1,??_EAABBTreeNode@Opcode@@QAEPAXI@Z,0x000c5b70,128,66,49,allocator calls,-census:phys_fn_004803; -icall[getter]+0xc; -self; +operator delete,,,,-[0x4..0xb],+2,"inlining: oracle inlines AABBTreeNode::~AABBTreeNode, oracle inlines operator delete[]; n_insn 66->49; n_jcc 9->5; ebp frame no->yes; imms -0x3 x2 +0x1 +0x24",
0x000f0930,phys_fn_005511,115,mapped,"AABBTreeNode::Split(udword, AABBTreeBuilder*)",DIFF,DIFF,1,?Split@AABBTreeNode@Opcode@@IAEIIPAVAABBTreeBuilder@2@@Z,0x000c6050,128,52,52,calls,-icall[obj]+0x8; -icall[obj]+0xc,,,,+[0x8..0xf],,x87 3->7; icall_reg 0->2; ebp frame no->yes,
0x000f09b0,phys_fn_005513,1085,mapped,AABBTreeNode::Subdivide(AABBTreeBuilder*),DIFF,DIFF,2,?Subdivide@AABBTreeNode@Opcode@@IAE_NPAVAABBTreeBuilder@2@@Z,0x000c60d0,1360,411,477,vector-iterator allocator calls data,-`vector constructor iterator'; -census:phys_fn_004803; -icall[getter]+0x0; -icall[obj]+0xc; +operator new[],,,-fnptr:AABBTreeNode::AABBTreeNode,+[0x44..0x47],+3,"trivial floats +0.0; floats counts -0.5 x6 +0.0 x2; n_insn 411->477; x87 134->212; icall_reg 0->6; ebp frame no->yes; float widths -4 x11,+8 x3; imms -0x0 -0x1 -0x2 -0x24 -0x4 +0xffffffff x2",
0x000f0df0,phys_fn_005515,167,mapped,AABBTreeNode::Subdivide(AABBTreeBuilder*) [body],DIFF,DIFF,2,?Subdivide@AABBTreeNode@Opcode@@IAE_NPAVAABBTreeBuilder@2@@Z,0x000c60d0,1360,411,477,vector-iterator allocator calls data,-`vector constructor iterator'; -census:phys_fn_004803; -icall[getter]+0x0; -icall[obj]+0xc; +operator new[],,,-fnptr:AABBTreeNode::AABBTreeNode,+[0x44..0x47],+3,"trivial floats +0.0; floats counts -0.5 x6 +0.0 x2; n_insn 411->477; x87 134->212; icall_reg 0->6; ebp frame no->yes; float widths -4 x11,+8 x3; imms -0x0 -0x1 -0x2 -0x24 -0x4 +0xffffffff x2",
0x000f0ea0,phys_fn_005517,442,mapped,AABBTreeNode::_BuildHierarchy(AABBTreeBuilder*),REVIEW,REVIEW,1,?_BuildHierarchy@AABBTreeNode@Opcode@@IAEXPAVAABBTreeBuilder@2@@Z,0x000c66b0,448,150,164,,,,,,+[0x24..0x37],,trivial floats +0.0; floats counts +0.0; n_insn 150->164; n_jcc 8->7; x87 26->38; ebp frame no->yes,
0x000f1060,phys_fn_005519,23,probable,AABBTree::AABBTree,SHAPE,SHAPE,1,??0AABBTree@Opcode@@QAE@XZ,0x000c5a70,48,9,8,,,,,,,,n_insn 9->8; imms +0x0 x6,
0x000f1080,phys_fn_005521,56,probable,AABBTree::Release,DIFF,DIFF,1,?Release@AABBTree@Opcode@@QAEXXZ,0x000c5fc0,112,20,44,calls allocator,-AABBTreeNode::`vector deleting destructor'; -census:phys_fn_004803; -icall[getter]+0xc; +AABBTreeNode::~AABBTreeNode; +operator delete[],,,,,,n_insn 20->44; n_jcc 2->4; ebp frame no->yes; imms -0x3 +0x1 +0x24,
0x000f10c0,phys_fn_005523,229,mapped,AABBTree::Build(AABBTreeBuilder*),DIFF,DIFF,1,?Build@AABBTree@Opcode@@QAE_NPAVAABBTreeBuilder@2@@Z,0x000c5bf0,272,88,92,vector-iterator allocator data,-`vector constructor iterator'; -census:phys_fn_004803; -icall[getter]+0x0; +operator new[],,,-fnptr:AABBTreeNode::AABBTreeNode,,-2 +1,n_insn 88->92; n_jcc 7->8; ebp frame no->yes; imms +0x0 +0x1 +0x4,
0x000f11b0,phys_fn_005525,404,probable,"AABBTree::Walk(WalkingCallback, void*)",DIFF,DIFF,1,?Walk@AABBTree@Opcode@@QBEIP6A_NPBVAABBTreeNode@2@IPAX@Z1@Z,0x000c6620,144,137,64,calls,-icall[obj]+0x4,,,,-[0x4..0xb] -[0x1c..0x23] -[0x28..0x2f] +[0x18..0x1b],-2 +bit@193..223,inlining: oracle inlines Local::_Walk#?_Walk@Local@?1??Walk@AABBTree@Opcode@@QBEIP6A_NPBVAABBTreeNode@4@IPAX@Z1@Z@SAX0AAI321@Z; n_insn 137->64; n_jcc 12->5; x87 18->0; icall_reg 0->1; ebp frame no->yes; imms -0x24 x2 -0x4 x2 -0xc x2 +0x1 x2 +0x8 x2,
0x000f1350,phys_fn_005527,418,probable,AABBTree::Refit2(AABBTreeBuilder*),DIFF,DIFF,1,?Refit2@AABBTree@Opcode@@QAE_NPAVAABBTreeBuilder@2@@Z,0x000c5e00,416,149,159,calls floats,-icall[?]+0x5c; -self; +icall[obj]+0x4,,-0.5,,-[0x18..0x1b] +[0x28..0x2f],-bit@193..223 x2 +-2,n_insn 149->159; n_jcc 8->10; x87 57->42; fchs 1->0; ebp frame no->yes; float widths -4 x3; imms -0x0 -0x1 -0x10 x4 -0x24 +0x4,
0x000f1500,phys_fn_005529,79,mapped,AABBTree::~AABBTree,DIFF,DIFF,1,??1AABBTree@Opcode@@QAE@XZ,0x000c5ac0,16,33,6,calls allocator,-AABBTreeNode::`vector deleting destructor'; -census:phys_fn_004803; -icall[getter]+0xc; +operator delete[],,,,,,"inlining: oracle inlines AABBTree::Release, oracle inlines AABBTreeNode::~AABBTreeNode; n_insn 33->6; n_jcc 4->0; imms -0x3 x2",
0x000f21a0,phys_fn_005570,35,mapped,AABBOptimizedTree::`scalar deleting destructor',DIFF,DIFF,1,??_GAABBOptimizedTree@Opcode@@UAEPAXI@Z,0x000ad7e0,48,13,15,allocator,-census:phys_fn_004803; -icall[getter]+0xc; +operator delete,,,,,,n_insn 13->15; ebp frame no->yes; imms +0x8,
0x000f21d0,phys_fn_005572,285,mapped,_BuildCollisionTree (file-static),REVIEW,REVIEW,1,?_BuildCollisionTree@@YAXPAVAABBCollisionNode@Opcode@@IAAIPBVAABBTreeNode@2@@Z,0x000af270,448,93,147,,,,,,,-1 -bit@193..223 +bit@1..31 x2,"floats counts -0.5 x4; n_insn 93->147; x87 30->90; ebp frame no->yes; float widths -4 x6,+8 x2; imms -0x1c x2 -0x24",
0x000f22f0,phys_fn_005574,341,mapped,_BuildNoLeafTree (file-static),REVIEW,REVIEW,1,?_BuildNoLeafTree@@YAXPAVAABBNoLeafNode@Opcode@@IAAIPBVAABBTreeNode@2@@Z,0x000af430,320,112,115,,,,,,,-1 x2 -5 +bit@193..223 x3,"floats counts -0.5 x4; n_insn 112->115; n_jcc 3->2; x87 30->48; ebp frame no->yes; float widths -4 x6,+8 x2; imms -0x0",
0x000f2450,phys_fn_005576,17,mapped,AABBCollisionTree::AABBCollisionTree,SHAPE,SHAPE,1,??0AABBCollisionTree@Opcode@@QAE@XZ,0x000ad380,32,6,5,,,,,,,,n_insn 6->5; imms +0x0 x2,
0x000f2470,phys_fn_005578,7,mapped,AABBCollisionTree::GetUsedBytes [IMPLEMENT_COLLISION_TREE],REVIEW,REVIEW,1,?GetUsedBytes@AABBCollisionTree@Opcode@@UBEIXZ,0x000aea60,16,3,5,,,,,,,+2,n_insn 3->5; imms -0x1c,
0x000f2480,phys_fn_005580,171,mapped,AABBCollisionTree::Build,DIFF,DIFF,1,?Build@AABBCollisionTree@Opcode@@UAE_NPAVAABBTree@2@@Z,0x000ad8c0,240,70,89,vector-iterator allocator data,-`vector constructor iterator'; -census:phys_fn_004803; -icall[getter]+0x0; -icall[getter]+0xc; +operator delete[]; +operator new[],,,-fnptr:NxBox identity row (slots 14-16),-[0x8..0xb] +[0x18..0x1b],,n_insn 70->89; n_jcc 6->8; ebp frame no->yes; imms +0x0 +0x1 +0x4,
0x000f2530,phys_fn_005582,60,mapped,AABBCollisionTree::Walk::Local::_Walk,SHAPE,SHAPE,1,?_Walk@Local@?1??Walk@AABBCollisionTree@Opcode@@UBE_NP6A_NPBXPAX@Z1@Z@SAXPBVAABBCollisionNode@4@21@Z,0x000af570,64,29,32,,,,,,,,n_insn 29->32; ebp frame no->yes,
0x000f2690,phys_fn_005592,17,mapped,AABBNoLeafTree::AABBNoLeafTree,SHAPE,SHAPE,1,??0AABBNoLeafTree@Opcode@@QAE@XZ,0x000ad3c0,32,6,5,,,,,,,,n_insn 6->5; imms +0x0 x2,
0x000f26b0,phys_fn_005594,7,mapped,AABBNoLeafTree::GetUsedBytes [IMPLEMENT_COLLISION_TREE],MATCH,MATCH,1,?GetUsedBytes@AABBNoLeafTree@Opcode@@UBEIXZ,0x000aea70,16,3,3,,,,,,,,,
0x000f26c0,phys_fn_005596,174,mapped,AABBNoLeafTree::Build,DIFF,DIFF,1,?Build@AABBNoLeafTree@Opcode@@UAE_NPAVAABBTree@2@@Z,0x000ad9b0,256,72,89,vector-iterator allocator data,-`vector constructor iterator'; -census:phys_fn_004803; -icall[getter]+0x0; -icall[getter]+0xc; +operator delete[]; +operator new[],,,-fnptr:NxBox identity row (slots 14-16),-[0x8..0xb] +[0x18..0x1f],+4,n_insn 72->89; n_jcc 6->8; ebp frame no->yes; imms +0x0 x2 +0x1 +0x20 +0x4,
0x000f2770,phys_fn_005598,73,mapped,AABBNoLeafTree::Refit,REVIEW,REVIEW,2,?Refit@AABBNoLeafTree@Opcode@@UAE_NPBVMeshInterface@2@@Z,0x000aeb30,1328,429,458,,,,,,-[0x1c..0x1f],,"floats counts -0.5 x5; n_insn 429->458; x87 210->338; ebp frame no->yes; float widths -4 x6,+8; imms -0x20",
0x000f27c0,phys_fn_005600,1695,mapped,AABBNoLeafTree::Refit [body],REVIEW,REVIEW,2,?Refit@AABBNoLeafTree@Opcode@@UAE_NPBVMeshInterface@2@@Z,0x000aeb30,1328,429,458,,,,,,-[0x1c..0x1f],,"floats counts -0.5 x5; n_insn 429->458; x87 210->338; ebp frame no->yes; float widths -4 x6,+8; imms -0x20",
0x000f2e60,phys_fn_005602,65,mapped,AABBNoLeafTree::Walk::Local::_Walk,SHAPE,SHAPE,1,?_Walk@Local@?1??Walk@AABBNoLeafTree@Opcode@@UBE_NP6A_NPBXPAX@Z1@Z@SAXPBVAABBNoLeafNode@4@21@Z,0x000af5b0,80,32,34,,,,,,,,n_insn 32->34; ebp frame no->yes,
0x000f2fe0,phys_fn_005612,17,mapped,AABBQuantizedTree::AABBQuantizedTree,SHAPE,SHAPE,1,??0AABBQuantizedTree@Opcode@@QAE@XZ,0x000ad440,32,6,5,,,,,,,,n_insn 6->5; imms +0x0 x2,
0x000f3000,phys_fn_005614,7,mapped,AABBQuantizedTree::GetUsedBytes [IMPLEMENT_COLLISION_TREE],MATCH,MATCH,1,?GetUsedBytes@AABBQuantizedTree@Opcode@@UBEIXZ,0x000aea90,16,3,3,,,,,,,,,
0x000f3010,phys_fn_005616,1197,mapped,AABBQuantizedTree::Build,DIFF,DIFF,2,?Build@AABBQuantizedTree@Opcode@@UAE_NPAVAABBTree@2@@Z,0x000ae160,1696,471,608,vector-iterator allocator floats data,-`vector constructor iterator'; -census:phys_fn_004803; -icall[getter]+0x0; -icall[getter]+0xc; +operator delete[]; +operator new[],,+-3.4028234663852886e+38,-fnptr:NxBox identity row (slots 14-16),,+-16,"n_insn 471->608; n_jcc 37->41; x87 177->308; ebp frame no->yes; float widths -4 x32,+8 x2; imms -0x10 -0x1c x3 -0x2 -0x4 -0xff7fffff x6 -0xffffffe8",
0x000f34c0,phys_fn_005618,274,mapped,AABBQuantizedTree::Build [quantisation block],DIFF,DIFF,2,?Build@AABBQuantizedTree@Opcode@@UAE_NPAVAABBTree@2@@Z,0x000ae160,1696,471,608,vector-iterator allocator floats data,-`vector constructor iterator'; -census:phys_fn_004803; -icall[getter]+0x0; -icall[getter]+0xc; +operator delete[]; +operator new[],,+-3.4028234663852886e+38,-fnptr:NxBox identity row (slots 14-16),,+-16,"n_insn 471->608; n_jcc 37->41; x87 177->308; ebp frame no->yes; float widths -4 x32,+8 x2; imms -0x10 -0x1c x3 -0x2 -0x4 -0xff7fffff x6 -0xffffffe8",
0x000f35e0,phys_fn_005620,60,mapped,AABBQuantizedTree::Walk::Local::_Walk,SHAPE,SHAPE,1,?_Walk@Local@?1??Walk@AABBQuantizedTree@Opcode@@UBE_NP6A_NPBXPAX@Z1@Z@SAXPBVAABBQuantizedNode@4@21@Z,0x000af650,64,29,32,,,,,,,,n_insn 29->32; ebp frame no->yes,
0x000f36b0,phys_fn_005626,17,mapped,AABBQuantizedNoLeafTree::AABBQuantizedNoLeafTree,SHAPE,SHAPE,1,??0AABBQuantizedNoLeafTree@Opcode@@QAE@XZ,0x000ad410,32,6,5,,,,,,,,n_insn 6->5; imms +0x0 x2,
0x000f36d0,phys_fn_005628,10,mapped,AABBQuantizedNoLeafTree::GetUsedBytes [IMPLEMENT_COLLISION_TREE],MATCH,MATCH,1,?GetUsedBytes@AABBQuantizedNoLeafTree@Opcode@@UBEIXZ,0x000aea80,16,4,4,,,,,,,,,
0x000f36e0,phys_fn_005630,1177,mapped,AABBQuantizedNoLeafTree::Build,DIFF,DIFF,3,?Build@AABBQuantizedNoLeafTree@Opcode@@UAE_NPAVAABBTree@2@@Z,0x000adab0,1712,480,615,vector-iterator allocator floats data,-`vector constructor iterator'; -census:phys_fn_004803; -icall[getter]+0x0; -icall[getter]+0xc; +operator delete[]; +operator new[],,+-3.4028234663852886e+38,-fnptr:NxBox identity row (slots 14-16),,+2 +4 +5 x2,"n_insn 480->615; n_jcc 38->42; x87 177->307; ebp frame no->yes; float widths -4 x32,+8 x2; imms -0x14 -0x2 -0x20 x2 -0xa -0xff7fffff x6 -0xffffffe8 +0x0 x2",
0x000f3b80,phys_fn_005632,26,mapped,AABBQuantizedNoLeafTree::Build [quantisation block],DIFF,DIFF,3,?Build@AABBQuantizedNoLeafTree@Opcode@@UAE_NPAVAABBTree@2@@Z,0x000adab0,1712,480,615,vector-iterator allocator floats data,-`vector constructor iterator'; -census:phys_fn_004803; -icall[getter]+0x0; -icall[getter]+0xc; +operator delete[]; +operator new[],,+-3.4028234663852886e+38,-fnptr:NxBox identity row (slots 14-16),,+2 +4 +5 x2,"n_insn 480->615; n_jcc 38->42; x87 177->307; ebp frame no->yes; float widths -4 x32,+8 x2; imms -0x14 -0x2 -0x20 x2 -0xa -0xff7fffff x6 -0xffffffe8 +0x0 x2",
0x000f3ba0,phys_fn_005634,299,mapped,AABBQuantizedNoLeafTree::Build [quantisation block 2],DIFF,DIFF,3,?Build@AABBQuantizedNoLeafTree@Opcode@@UAE_NPAVAABBTree@2@@Z,0x000adab0,1712,480,615,vector-iterator allocator floats data,-`vector constructor iterator'; -census:phys_fn_004803; -icall[getter]+0x0; -icall[getter]+0xc; +operator delete[]; +operator new[],,+-3.4028234663852886e+38,-fnptr:NxBox identity row (slots 14-16),,+2 +4 +5 x2,"n_insn 480->615; n_jcc 38->42; x87 177->307; ebp frame no->yes; float widths -4 x32,+8 x2; imms -0x14 -0x2 -0x20 x2 -0xa -0xff7fffff x6 -0xffffffe8 +0x0 x2",
0x000f3cd0,phys_fn_005636,5,mapped,AABBCollisionTree::Refit  [ICF-folded with AABBQuantizedTree::Refit :636 and AABBQuantizedNoLeafTree::Refit :752],MATCH,MATCH,1,?Refit@AABBCollisionTree@Opcode@@UAE_NPBVMeshInterface@2@@Z,0x000aeb20,16,2,2,,,,,,,,,
0x000f3ce0,phys_fn_005638,65,mapped,AABBQuantizedNoLeafTree::Walk::Local::_Walk,SHAPE,SHAPE,1,?_Walk@Local@?1??Walk@AABBQuantizedNoLeafTree@Opcode@@UBE_NP6A_NPBXPAX@Z1@Z@SAXPBVAABBQuantizedNoLeafNode@4@21@Z,0x000af600,80,32,34,,,,,,,,n_insn 32->34; ebp frame no->yes,
0x000f3ef0,phys_fn_005648,36,mapped,AABBCollisionTree::Walk,REVIEW,REVIEW,1,?Walk@AABBCollisionTree@Opcode@@UBE_NP6A_NPBXPAX@Z1@Z,0x000af150,96,14,42,,,,,,+[0x18..0x1b],+1,calls counts +Local::_Walk#?_Walk@Local@?1??Walk@AABBCollisionTree@Opcode@@UBE_NP6A_NPBXPAX@Z1@Z@SAXPBVAABBCollisionNode@4@21@Z; n_insn 14->42; n_jcc 1->4; icall_reg 0->1; ebp frame no->yes; imms +0x1c,
0x000f3f20,phys_fn_005650,36,mapped,AABBNoLeafTree::Walk,SHAPE,SHAPE,1,?Walk@AABBNoLeafTree@Opcode@@UBE_NP6A_NPBXPAX@Z1@Z,0x000af1b0,48,14,16,,,,,,,,n_insn 14->16; ebp frame no->yes,
0x000f3f50,phys_fn_005652,36,mapped,AABBQuantizedTree::Walk,REVIEW,REVIEW,1,?Walk@AABBQuantizedTree@Opcode@@UBE_NP6A_NPBXPAX@Z1@Z,0x000af210,96,14,42,,,,,,+[0xc..0xf],+1,calls counts +Local::_Walk#?_Walk@Local@?1??Walk@AABBQuantizedTree@Opcode@@UBE_NP6A_NPBXPAX@Z1@Z@SAXPBVAABBQuantizedNode@4@21@Z; n_insn 14->42; n_jcc 1->4; icall_reg 0->1; ebp frame no->yes; imms +0x10,
0x000f3f80,phys_fn_005654,36,mapped,AABBQuantizedNoLeafTree::Walk,SHAPE,SHAPE,1,?Walk@AABBQuantizedNoLeafTree@Opcode@@UBE_NP6A_NPBXPAX@Z1@Z,0x000af1e0,48,14,16,,,,,,,,n_insn 14->16; ebp frame no->yes,
0x000f3fb0,phys_fn_005656,73,mapped,AABBCollisionTree::`scalar deleting destructor',DIFF,DIFF,1,??_GAABBCollisionTree@Opcode@@UAEPAXI@Z,0x000ad730,96,26,29,allocator,-census:phys_fn_004803; -icall[getter]+0xc; +operator delete,,,,,,inlining: oracle inlines operator delete[]; n_insn 26->29; ebp frame no->yes; imms +0xc,
0x000f4000,phys_fn_005658,73,mapped,AABBNoLeafTree::`scalar deleting destructor',DIFF,DIFF,1,??_GAABBNoLeafTree@Opcode@@UAEPAXI@Z,0x000ad790,80,26,28,allocator,-census:phys_fn_004803; -icall[getter]+0xc; +operator delete,,,,,+4 +5,inlining: oracle inlines operator delete[]; n_insn 26->28; ebp frame no->yes; imms +0xc,
0x000f4050,phys_fn_005660,73,mapped,AABBQuantizedTree::`scalar deleting destructor',DIFF,DIFF,1,??_GAABBQuantizedTree@Opcode@@UAEPAXI@Z,0x000ad870,80,26,28,allocator,-census:phys_fn_004803; -icall[getter]+0xc; +operator delete,,,,,+4,inlining: oracle inlines operator delete[]; n_insn 26->28; ebp frame no->yes; imms +0x24,
0x000f40a0,phys_fn_005662,73,mapped,AABBQuantizedNoLeafTree::`scalar deleting destructor',DIFF,DIFF,1,??_GAABBQuantizedNoLeafTree@Opcode@@UAEPAXI@Z,0x000ad810,96,26,28,allocator,-census:phys_fn_004803; -icall[getter]+0xc; +operator delete,,,,,,inlining: oracle inlines operator delete[]; n_insn 26->28; ebp frame no->yes; imms +0x24,
