rva,id,size,grade,source_file,source_line,source_function,signals,notes
0x00053880,phys_fn_002150,24,mapped,OPC_TreeBuilders.h,90,"AABBTreeBuilder::GetSplittingValue(const udword*, udword, const AABB&, udword)",S4-control-flow(fld [box+axis*4+0xc]; fadd [box+axis*4]; fmul 0.5 = AABB::GetCenter(axis) on a min/max AABB);S6-vtable-slot(slot 2 of the abstract AABBTreeBuilder vtable .rdata:0x0010833c);S5-member-offset(ret 0x10 = the four declared arguments),"Outside the measured OPCODE span: a header-defined COMDAT the linker placed in the TriangleMesh.cpp address band. Located by Task 1d SS3.1, re-derived and added to the correspondence map by Task 1c."
0x000538a0,phys_fn_002152,14,mapped,OPC_TreeBuilders.h,105,"AABBTreeBuilder::ValidateSubdivision(const udword*, udword, const AABB&)","S4-control-flow(mov eax,[ecx+4]; cmp eax,[esp+8]; sbb; neg = return nb_prims > mSettings.mLimit);S5-member-offset(mLimit at this+4, agreeing with the 20-byte BuildSettings);S6-vtable-slot(slot 4 of .rdata:0x0010833c)","Outside the measured OPCODE span; same COMDAT hazard as 0x00053880. Located by Task 1d SS3.1, re-derived by Task 1c."
0x000538b0,phys_fn_002154,35,mapped,OPC_TreeBuilders.h,57,AABBTreeBuilder::~AABBTreeBuilder / `scalar deleting destructor' [/OPT:ICF-folded with ~AABBTreeOfTrianglesBuilder],S6-vtable-slot(slot 0 of .rdata:0x0010833c and of AABBTreeOfTrianglesBuilder .rdata:0x0011bab4);S4-control-flow(writes vptr 0x0010833c then the flags&1 delete arm through the NovodeX allocator getter 0x000b4000),"Outside the measured OPCODE span; the 0x0010833c vtable is written from this one site only, because the class is abstract. Located by Task 1d SS3.1, re-derived by Task 1c. Vendored-correspondence Task 3: respelled with the `scalar deleting destructor' alternative so the matcher pairs the row with the candidate's deleting destructor; it had paired the plain destructor, which has no delete arm."
0x000b4d70,phys_fn_004836,20,mapped,Ice/IceContainer.cpp,40,Container::Container(),"S5-member-offset(writes mMaxNbEntries+0, mCurNbEntries+4, mEntries+8, mGrowthFactor+0xc in declaration order);S2-constant(0x40000000 = the 2.0f default growth factor of the member-initialiser list)","Below the measured OPCODE span, in the band Task 1b left undetermined. Task 1d recorded IceContainer.cpp as linked outside the span with individual members unresolved; Task 1c resolved six of them."
0x000b4d90,phys_fn_004838,66,mapped,Ice/IceContainer.cpp,97,Container& Container::Empty(),"S4-control-flow(frees mEntries then zeroes mCurNbEntries and mMaxNbEntries, returns *this in eax);S5-member-offset(Container layout +0/+4/+8/+0xc)","Locally modified: the free is guarded by mGrowthFactor >= 0.0f, the borrowed-buffer marker stock 1.3 has no notion of. Not ICF-folded with ~Container 0x000b4f50 only because this one returns *this."
0x000b4de0,phys_fn_004840,174,mapped,Ice/IceContainer.cpp,114,Container::Resize(udword),"S4-control-flow(mMaxNbEntries = mMaxNbEntries ? udword(float(mMaxNbEntries)*mGrowthFactor) : 2, then clamped up to mCurNbEntries+needed, allocate, CHECKALLOC, rep movsd the old mCurNbEntries entries, free, assign);S2-constant(the literal 2 default entry count and the __ftol call 0x000f7a3c);S5-member-offset(Container layout +0/+4/+8/+0xc)","Locally modified: returns false up front unless mGrowthFactor > 0.0f, so a borrowed buffer cannot be grown. The guard is 0x000b4de4 fld [ebx+0x0c] / 0x000b4de7 fcomp 0.0f / 0x000b4ded fnstsw ax / 0x000b4def test ah,0x41 / 0x000b4df2 jp body, which takes the body only when neither C0 nor C3 is set, so exactly 0.0f also returns false."
0x000b4e90,phys_fn_004842,109,mapped,Ice/IceContainer.cpp,153,Container::SetSize(udword),"S4-control-flow(Empty() inlined, then if(!nb) return false; mMaxNbEntries = nb; mEntries = new udword[nb]; CHECKALLOC);S5-member-offset(Container layout +0/+4/+8/+0xc)",Carries the same inlined mGrowthFactor >= 0.0f ownership guard as Empty().
0x000b4f00,phys_fn_004844,73,mapped,Ice/IceContainer.cpp,67,Container::Container(const Container&) [operator=(const Container&) IceContainer.cpp:340 inlined],"S2-constant(member-initialiser list writes the 2.0f growth factor before the assignment, which is what separates the copy constructor from operator=);S4-control-flow(SetSize(object.mCurNbEntries) at 0x000b4f1e, CopyMemory of mMaxNbEntries*4, mCurNbEntries = mMaxNbEntries, return this)","operator= has no separate body in the image; it is inlined here, which is why the reverse list could not find it."
0x000b4f50,phys_fn_004846,64,mapped,Ice/IceContainer.cpp,81,Container::~Container(),"S4-control-flow(Empty() inlined and no return value, which is the whole body of ~Container);S5-member-offset(Container layout +0/+4/+8/+0xc)",Locally modified through the inlined Empty(): the free is guarded by mGrowthFactor >= 0.0f.
