oracle_rva,candidate_symbol,method
0x0010833c,??_7AABBTreeBuilder@Opcode@@6B@,seed
0x0010cf43,??_C@_00CNPNBAHC@@,cooccurrence
0x0011b628,??_7RayCollider@Opcode@@6B@,cooccurrence
0x0011b750,??_7AABBTreeCollider@Opcode@@6B@,cooccurrence
0x0011b764,??_7LSSCollider@Opcode@@6B@,cooccurrence
0x0011b774,??_7OBBCollider@Opcode@@6B@,cooccurrence
0x0011b784,??_7SphereCollider@Opcode@@6B@,cooccurrence
0x0011b794,??_7PlanesCollider@Opcode@@6B@,cooccurrence
0x0011bab4,??_7AABBTreeOfTrianglesBuilder@Opcode@@6B@,seed
0x0011bac8,??_7Model@Opcode@@6B@,cooccurrence
0x0011bb5c,??_7BaseModel@Opcode@@6B@,cooccurrence
0x0011bb84,??_7AABBCollider@Opcode@@6B@,cooccurrence
0x0011bbec,??_7Collider@Opcode@@6B@,cooccurrence
0x0011bc00,??_7VolumeCollider@Opcode@@6B@,cooccurrence
0x0011bc4c,??_7AABBOptimizedTree@Opcode@@6B@,cooccurrence
0x0011bc6c,??_7AABBCollisionTree@Opcode@@6B@,cooccurrence
0x0011bc8c,??_7AABBNoLeafTree@Opcode@@6B@,cooccurrence
0x0011bcac,??_7AABBQuantizedTree@Opcode@@6B@,cooccurrence
0x0011bcd0,??_7AABBQuantizedNoLeafTree@Opcode@@6B@,cooccurrence
0x00122340,_qh_rand_seed,cooccurrence
0x00122344,_qh_version,cooccurrence
0x00122520,?EdgeNormals@?1??GetLocalEdgeNormals@OBB@IceMaths@@QBEPBVPoint@3@XZ@4PAMA,seed
0x00122524,?EdgeNormals@?1??GetLocalEdgeNormals@OBB@IceMaths@@QBEPBVPoint@3@XZ@4PAMA+0x4,seed
0x001225b4,?gFixQuantized@@3_NA,cooccurrence
0x00124678,_qh_qh,cooccurrence
0x0012467c,_qh_qh+0x4,cooccurrence
0x00124680,_qh_qh+0x8,cooccurrence
0x00124688,_qh_qh+0x10,cooccurrence
0x00124690,_qh_qh+0x18,cooccurrence
0x00124694,_qh_qh+0x1c,cooccurrence
0x00124698,_qh_qh+0x20,cooccurrence
0x0012469c,_qh_qh+0x24,delta
0x001246a0,_qh_qh+0x28,cooccurrence
0x001246a4,_qh_qh+0x2c,cooccurrence
0x001246a8,_qh_qh+0x30,delta
0x001246b0,_qh_qh+0x38,delta
0x001246b8,_qh_qh+0x40,cooccurrence
0x001246bc,_qh_qh+0x44,cooccurrence
0x001246c0,_qh_qh+0x48,cooccurrence
0x001246c4,_qh_qh+0x4c,cooccurrence
0x001246c8,_qh_qh+0x50,cooccurrence
0x001246cc,_qh_qh+0x54,cooccurrence
0x001246d0,_qh_qh+0x58,cooccurrence
0x001246d4,_qh_qh+0x5c,cooccurrence
0x001246d8,_qh_qh+0x60,cooccurrence
0x001246dc,_qh_qh+0x64,cooccurrence
0x001246e0,_qh_qh+0x68,cooccurrence
0x001246e4,_qh_qh+0x6c,delta
0x001246e8,_qh_qh+0x70,cooccurrence
0x001246ec,_qh_qh+0x74,cooccurrence
0x001246f0,_qh_qh+0x78,delta
0x001246f8,_qh_qh+0x80,cooccurrence
0x00124700,_qh_qh+0x88,cooccurrence
0x00124708,_qh_qh+0x90,cooccurrence
0x0012470c,_qh_qh+0x94,cooccurrence
0x00124710,_qh_qh+0x98,cooccurrence
0x00124718,_qh_qh+0xa0,delta
0x00124720,_qh_qh+0xa8,delta
0x00124728,_qh_qh+0xb0,cooccurrence
0x00124730,_qh_qh+0xb8,cooccurrence
0x00124738,_qh_qh+0xc0,cooccurrence
0x0012473c,_qh_qh+0xc4,delta
0x00124740,_qh_qh+0xc8,delta
0x00124744,_qh_qh+0xcc,cooccurrence
0x00124748,_qh_qh+0xd0,cooccurrence
0x0012474c,_qh_qh+0xd4,delta
0x00124750,_qh_qh+0xd8,cooccurrence
0x00124754,_qh_qh+0xdc,cooccurrence
0x00124758,_qh_qh+0xe0,delta
0x0012475c,_qh_qh+0xe4,delta
0x00124760,_qh_qh+0xe8,cooccurrence
0x00124764,_qh_qh+0xec,delta
0x00124768,_qh_qh+0xf0,delta
0x0012476c,_qh_qh+0xf4,delta
0x00124770,_qh_qh+0xf8,delta
0x00124774,_qh_qh+0xfc,cooccurrence
0x00124778,_qh_qh+0x100,cooccurrence
0x0012477c,_qh_qh+0x104,delta
0x00124780,_qh_qh+0x108,cooccurrence
0x00124784,_qh_qh+0x10c,delta
0x00124788,_qh_qh+0x110,delta
0x001247f8,_qh_qh+0x180,delta
0x001247fc,_qh_qh+0x184,delta
0x00124800,_qh_qh+0x188,cooccurrence
0x00124804,_qh_qh+0x18c,cooccurrence
0x00124808,_qh_qh+0x190,cooccurrence
0x0012480c,_qh_qh+0x194,cooccurrence
0x00124810,_qh_qh+0x198,cooccurrence
0x00124818,_qh_qh+0x1a0,cooccurrence
0x00124820,_qh_qh+0x1a8,cooccurrence
0x00124828,_qh_qh+0x1b0,delta
0x00124830,_qh_qh+0x1b8,delta
0x00124838,_qh_qh+0x1c0,cooccurrence
0x0012483c,_qh_qh+0x1c4,cooccurrence
0x00124840,_qh_qh+0x1c8,cooccurrence
0x00124844,_qh_qh+0x1cc,cooccurrence
0x00124848,_qh_qh+0x1d0,cooccurrence
0x0012484c,_qh_qh+0x1d4,cooccurrence
0x00124850,_qh_qh+0x1d8,cooccurrence
0x00124854,_qh_qh+0x1dc,cooccurrence
0x00124858,_qh_qh+0x1e0,delta
0x0012485c,_qh_qh+0x1e4,cooccurrence
0x00124860,_qh_qh+0x1e8,cooccurrence
0x00124864,_qh_qh+0x1ec,cooccurrence
0x00124868,_qh_qh+0x1f0,cooccurrence
0x0012486c,_qh_qh+0x1f4,delta
0x00124870,_qh_qh+0x1f8,cooccurrence
0x00124874,_qh_qh+0x1fc,cooccurrence
0x00124878,_qh_qh+0x200,cooccurrence
0x0012487c,_qh_qh+0x204,cooccurrence
0x00124880,_qh_qh+0x208,cooccurrence
0x00124888,_qh_qh+0x210,cooccurrence
0x0012488c,_qh_qh+0x214,cooccurrence
0x00124890,_qh_qh+0x218,cooccurrence
0x00124894,_qh_qh+0x21c,cooccurrence
0x00124898,_qh_qh+0x220,cooccurrence
0x0012489c,_qh_qh+0x224,delta
0x001248a0,_qh_qh+0x228,cooccurrence
0x001248a8,_qh_qh+0x230,cooccurrence
0x001248b0,_qh_qh+0x238,cooccurrence
0x001248b4,_qh_qh+0x23c,delta
0x001248b8,_qh_qh+0x240,cooccurrence
0x001248bc,_qh_qh+0x244,cooccurrence
0x001248c0,_qh_qh+0x248,cooccurrence
0x001248c4,_qh_qh+0x24c,cooccurrence
0x001248c8,_qh_qh+0x250,cooccurrence
0x001248cc,_qh_qh+0x254,cooccurrence
0x001248d0,_qh_qh+0x258,cooccurrence
0x001248d4,_qh_qh+0x25c,cooccurrence
0x001248d8,_qh_qh+0x260,delta
0x001248dc,_qh_qh+0x264,delta
0x001248e0,_qh_qh+0x268,cooccurrence
0x001249e0,_qh_qh+0x368,cooccurrence
0x00124ae0,_qh_qh+0x468,cooccurrence
0x00124ce0,_qh_qh+0x668,delta
0x00124ce4,_qh_qh+0x66c,delta
0x00124ce8,_qh_qh+0x670,cooccurrence
0x00124cec,_qh_qh+0x674,cooccurrence
0x00124cf0,_qh_qh+0x678,delta
0x00124cf4,_qh_qh+0x67c,delta
0x00124cf8,_qh_qh+0x680,delta
0x00124cfc,_qh_qh+0x684,delta
0x00124d00,_qh_qh+0x688,cooccurrence
0x00124d08,_qh_qh+0x690,delta
0x00124d10,_qh_qh+0x698,delta
0x00124d18,_qh_qh+0x6a0,cooccurrence
0x00124d20,_qh_qh+0x6a8,cooccurrence
0x00124d28,_qh_qh+0x6b0,delta
0x00124d30,_qh_qh+0x6b8,cooccurrence
0x00124d38,_qh_qh+0x6c0,cooccurrence
0x00124d40,_qh_qh+0x6c8,cooccurrence
0x00124d48,_qh_qh+0x6d0,cooccurrence
0x00124d50,_qh_qh+0x6d8,delta
0x00124d58,_qh_qh+0x6e0,delta
0x00124d60,_qh_qh+0x6e8,delta
0x00124d68,_qh_qh+0x6f0,cooccurrence
0x00124d6c,_qh_qh+0x6f4,cooccurrence
0x00124d70,_qh_qh+0x6f8,cooccurrence
0x00124d78,_qh_qh+0x700,cooccurrence
0x00124d80,_qh_qh+0x708,delta
0x00124d88,_qh_qh+0x710,cooccurrence
0x00124d90,_qh_qh+0x718,delta
0x00124e04,_qh_qh+0x78c,delta
0x00124e6c,_qh_qh+0x7f4,delta
0x00124e70,_qh_qh+0x7f8,cooccurrence
0x00124e74,_qh_qh+0x7fc,cooccurrence
0x00124e78,_qh_qh+0x800,cooccurrence
0x00124e7c,_qh_qh+0x804,cooccurrence
0x00124e80,_qh_qh+0x808,cooccurrence
0x00124e84,_qh_qh+0x80c,cooccurrence
0x00124e88,_qh_qh+0x810,cooccurrence
0x00124e8c,_qh_qh+0x814,cooccurrence
0x00124e90,_qh_qh+0x818,cooccurrence
0x00124e94,_qh_qh+0x81c,cooccurrence
0x00124e98,_qh_qh+0x820,cooccurrence
0x00124e9c,_qh_qh+0x824,cooccurrence
0x00124ea0,_qh_qh+0x828,cooccurrence
0x00124ea4,_qh_qh+0x82c,cooccurrence
0x00124ea8,_qh_qh+0x830,cooccurrence
0x00124eac,_qh_qh+0x834,cooccurrence
0x00124eb0,_qh_qh+0x838,cooccurrence
0x00124eb4,_qh_qh+0x83c,cooccurrence
0x00124eb8,_qh_qh+0x840,cooccurrence
0x00124ebc,_qh_qh+0x844,cooccurrence
0x00124ec0,_qh_qh+0x848,cooccurrence
0x00124ec4,_qh_qh+0x84c,cooccurrence
0x00124ec8,_qh_qh+0x850,cooccurrence
0x00124ecc,_qh_qh+0x854,cooccurrence
0x00124ed0,_qh_qh+0x858,cooccurrence
0x00124ed4,_qh_qh+0x85c,cooccurrence
0x00124ed8,_qh_qh+0x860,cooccurrence
0x00124edc,_qh_qh+0x864,delta
0x00124ee0,_qh_qh+0x868,cooccurrence
0x00124ee4,_qh_qh+0x86c,cooccurrence
0x00124ee8,_qh_qh+0x870,cooccurrence
0x00124eec,_qh_qh+0x874,cooccurrence
0x00124ef0,_qh_qh+0x878,cooccurrence
0x00124ef8,_qh_qh+0x880,cooccurrence
0x00124f00,_qh_qh+0x888,cooccurrence
0x00124f08,_qh_qh+0x890,cooccurrence
0x00124f10,_qh_qh+0x898,cooccurrence
0x00124f18,_qh_qh+0x8a0,cooccurrence
0x00124f1c,_qh_qh+0x8a4,cooccurrence
0x00124f20,_qh_qh+0x8a8,cooccurrence
0x00124f28,_qh_qh+0x8b0,delta
0x00124f30,_qh_qh+0x8b8,cooccurrence
0x00124f38,_qh_qh+0x8c0,cooccurrence
0x00124f3c,_qh_qh+0x8c4,cooccurrence
0x00124f40,_qh_qh+0x8c8,cooccurrence
0x00124f44,_qh_qh+0x8cc,cooccurrence
0x00124f48,_qh_qh+0x8d0,delta
0x00124f50,_qh_qh+0x8d8,delta
0x00124f58,_qh_qh+0x8e0,cooccurrence
0x00124f5c,_qh_qh+0x8e4,cooccurrence
0x00124f60,_qh_qh+0x8e8,cooccurrence
0x00124f64,_qh_qh+0x8ec,cooccurrence
0x00124f68,_qh_qh+0x8f0,cooccurrence
0x00124f6c,_qh_qh+0x8f4,cooccurrence
0x00124f70,_qh_qh+0x8f8,cooccurrence
0x00124f74,_qh_qh+0x8fc,cooccurrence
0x00124f78,_qh_qh+0x900,cooccurrence
0x00124f7c,_qh_qh+0x904,delta
0x00124f80,_qh_qh+0x908,delta
0x00124f94,_qh_qh+0x91c,delta
0x00124f98,_qh_qh+0x920,cooccurrence
0x00124fa0,_qh_qh+0x928,delta
0x00124fa8,_qh_qh+0x930,delta
0x00124fb0,_qh_qh+0x938,delta
0x00124fb8,_qh_qh+0x940,cooccurrence
0x00124fbc,_qh_qh+0x944,cooccurrence
0x00124fc0,_qh_qh+0x948,cooccurrence
0x00124fc4,_qh_qh+0x94c,cooccurrence
0x00124fd0,_qh_qh+0x958,delta
0x00124fd8,_qhmem,cooccurrence
0x00124fdc,_qhmem+0x4,cooccurrence
0x00124fe0,_qhmem+0x8,cooccurrence
0x00124fe4,_qhmem+0xc,cooccurrence
0x00124fe8,_qhmem+0x10,cooccurrence
0x00124fec,_qhmem+0x14,cooccurrence
0x00124ff0,_qhmem+0x18,cooccurrence
0x00124ff4,_qhmem+0x1c,cooccurrence
0x00124ff8,_qhmem+0x20,cooccurrence
0x00124ffc,_qhmem+0x24,delta
0x00125000,_qhmem+0x28,delta
0x00125004,_qhmem+0x2c,delta
0x00125008,_qhmem+0x30,cooccurrence
0x0012500c,_qhmem+0x34,cooccurrence
0x00125010,_qhmem+0x38,cooccurrence
0x00125014,_qhmem+0x3c,cooccurrence
0x00125018,_qhmem+0x40,delta
0x0012501c,_qhmem+0x44,delta
0x00125020,_qhmem+0x48,delta
0x00125024,_qhmem+0x4c,cooccurrence
0x00125028,_qhmem+0x50,cooccurrence
0x0012502c,_qhmem+0x54,delta
0x00125030,_qhmem+0x58,cooccurrence
0x00125034,_qhmem+0x5c,delta
0x00125038,_qhmem+0x60,delta
0x0012503c,_qhmem+0x64,delta
0x00125490,_qh_qhstat,cooccurrence
0x00125498,_qh_qhstat+0x8,delta
0x001254a0,_qh_qhstat+0x10,delta
0x001254a8,_qh_qhstat+0x18,delta
0x001254b0,_qh_qhstat+0x20,delta
0x001254b8,_qh_qhstat+0x28,delta
0x001254c0,_qh_qhstat+0x30,delta
0x001254c8,_qh_qhstat+0x38,delta
0x001254d0,_qh_qhstat+0x40,delta
0x001254d8,_qh_qhstat+0x48,delta
0x001254e0,_qh_qhstat+0x50,delta
0x001254e8,_qh_qhstat+0x58,delta
0x001254f0,_qh_qhstat+0x60,delta
0x001254f8,_qh_qhstat+0x68,delta
0x00125500,_qh_qhstat+0x70,delta
0x00125508,_qh_qhstat+0x78,delta
0x00125510,_qh_qhstat+0x80,cooccurrence
0x00125518,_qh_qhstat+0x88,delta
0x00125520,_qh_qhstat+0x90,delta
0x00125528,_qh_qhstat+0x98,cooccurrence
0x00125530,_qh_qhstat+0xa0,cooccurrence
0x00125538,_qh_qhstat+0xa8,cooccurrence
0x00125540,_qh_qhstat+0xb0,delta
0x00125548,_qh_qhstat+0xb8,delta
0x00125550,_qh_qhstat+0xc0,delta
0x00125558,_qh_qhstat+0xc8,delta
0x00125560,_qh_qhstat+0xd0,delta
0x00125568,_qh_qhstat+0xd8,delta
0x00125570,_qh_qhstat+0xe0,delta
0x00125578,_qh_qhstat+0xe8,delta
0x00125580,_qh_qhstat+0xf0,delta
0x00125588,_qh_qhstat+0xf8,delta
0x00125590,_qh_qhstat+0x100,delta
0x00125598,_qh_qhstat+0x108,delta
0x001255a0,_qh_qhstat+0x110,delta
0x001255a8,_qh_qhstat+0x118,delta
0x001255b0,_qh_qhstat+0x120,delta
0x001255b8,_qh_qhstat+0x128,delta
0x001255c0,_qh_qhstat+0x130,delta
0x001255c8,_qh_qhstat+0x138,delta
0x001255d0,_qh_qhstat+0x140,delta
0x001255d8,_qh_qhstat+0x148,delta
0x001255e0,_qh_qhstat+0x150,delta
0x001255e8,_qh_qhstat+0x158,delta
0x001255f0,_qh_qhstat+0x160,delta
0x001255f8,_qh_qhstat+0x168,delta
0x00125600,_qh_qhstat+0x170,delta
0x00125608,_qh_qhstat+0x178,cooccurrence
0x00125610,_qh_qhstat+0x180,delta
0x00125618,_qh_qhstat+0x188,cooccurrence
0x00125620,_qh_qhstat+0x190,cooccurrence
0x00125628,_qh_qhstat+0x198,cooccurrence
0x00125630,_qh_qhstat+0x1a0,cooccurrence
0x00125638,_qh_qhstat+0x1a8,cooccurrence
0x00125640,_qh_qhstat+0x1b0,delta
0x00125648,_qh_qhstat+0x1b8,cooccurrence
0x00125650,_qh_qhstat+0x1c0,delta
0x00125658,_qh_qhstat+0x1c8,cooccurrence
0x001256c0,_qh_qhstat+0x230,delta
0x001256c8,_qh_qhstat+0x238,delta
0x001256d8,_qh_qhstat+0x248,delta
0x001256e0,_qh_qhstat+0x250,delta
0x001256e8,_qh_qhstat+0x258,delta
0x001256f0,_qh_qhstat+0x260,delta
0x00125700,_qh_qhstat+0x270,delta
0x00125708,_qh_qhstat+0x278,delta
0x00125710,_qh_qhstat+0x280,delta
0x00125718,_qh_qhstat+0x288,cooccurrence
0x00125720,_qh_qhstat+0x290,delta
0x00125728,_qh_qhstat+0x298,delta
0x00125730,_qh_qhstat+0x2a0,delta
0x00125740,_qh_qhstat+0x2b0,delta
0x00125748,_qh_qhstat+0x2b8,delta
0x00125750,_qh_qhstat+0x2c0,delta
0x00125758,_qh_qhstat+0x2c8,delta
0x00125760,_qh_qhstat+0x2d0,delta
0x00125768,_qh_qhstat+0x2d8,delta
0x00125770,_qh_qhstat+0x2e0,delta
0x00125778,_qh_qhstat+0x2e8,delta
0x00125788,_qh_qhstat+0x2f8,delta
0x00125790,_qh_qhstat+0x300,delta
0x00125798,_qh_qhstat+0x308,delta
0x001257a0,_qh_qhstat+0x310,delta
0x001257a8,_qh_qhstat+0x318,delta
0x001257b0,_qh_qhstat+0x320,delta
0x001257b8,_qh_qhstat+0x328,delta
0x001257c0,_qh_qhstat+0x330,cooccurrence
0x001257c8,_qh_qhstat+0x338,delta
0x001257d0,_qh_qhstat+0x340,delta
0x001257d8,_qh_qhstat+0x348,delta
0x001257e0,_qh_qhstat+0x350,delta
0x001257e8,_qh_qhstat+0x358,delta
0x001257f0,_qh_qhstat+0x360,delta
0x001257f8,_qh_qhstat+0x368,delta
0x00125800,_qh_qhstat+0x370,delta
0x00125808,_qh_qhstat+0x378,delta
0x00125810,_qh_qhstat+0x380,delta
0x00125818,_qh_qhstat+0x388,delta
0x00125820,_qh_qhstat+0x390,delta
0x00125828,_qh_qhstat+0x398,delta
0x00125830,_qh_qhstat+0x3a0,delta
0x00125838,_qh_qhstat+0x3a8,delta
0x00125840,_qh_qhstat+0x3b0,delta
0x00125848,_qh_qhstat+0x3b8,delta
0x00125850,_qh_qhstat+0x3c0,delta
0x00125858,_qh_qhstat+0x3c8,delta
0x00125860,_qh_qhstat+0x3d0,delta
0x00125868,_qh_qhstat+0x3d8,delta
0x00125870,_qh_qhstat+0x3e0,delta
0x00125878,_qh_qhstat+0x3e8,delta
0x00125880,_qh_qhstat+0x3f0,delta
0x00125888,_qh_qhstat+0x3f8,delta
0x00125890,_qh_qhstat+0x400,delta
0x00125898,_qh_qhstat+0x408,delta
0x001258a0,_qh_qhstat+0x410,delta
0x001258a8,_qh_qhstat+0x418,cooccurrence
0x001258b0,_qh_qhstat+0x420,delta
0x001258b8,_qh_qhstat+0x428,delta
0x001258c0,_qh_qhstat+0x430,delta
0x001258c8,_qh_qhstat+0x438,cooccurrence
0x001258d0,_qh_qhstat+0x440,delta
0x001258d8,_qh_qhstat+0x448,delta
0x001258e0,_qh_qhstat+0x450,delta
0x001258e8,_qh_qhstat+0x458,delta
0x001258f0,_qh_qhstat+0x460,delta
0x001258f8,_qh_qhstat+0x468,delta
0x00125900,_qh_qhstat+0x470,delta
0x00125908,_qh_qhstat+0x478,cooccurrence
0x00125910,_qh_qhstat+0x480,delta
0x00125918,_qh_qhstat+0x488,delta
0x00125920,_qh_qhstat+0x490,delta
0x00125928,_qh_qhstat+0x498,delta
0x00125930,_qh_qhstat+0x4a0,delta
0x00125938,_qh_qhstat+0x4a8,delta
0x00125940,_qh_qhstat+0x4b0,delta
0x00125948,_qh_qhstat+0x4b8,delta
0x00125950,_qh_qhstat+0x4c0,delta
0x00125958,_qh_qhstat+0x4c8,delta
0x00125960,_qh_qhstat+0x4d0,delta
0x00125968,_qh_qhstat+0x4d8,delta
0x00125970,_qh_qhstat+0x4e0,cooccurrence
0x00125978,_qh_qhstat+0x4e8,delta
0x00125980,_qh_qhstat+0x4f0,delta
0x00125988,_qh_qhstat+0x4f8,delta
0x00125990,_qh_qhstat+0x500,cooccurrence
0x00125998,_qh_qhstat+0x508,delta
0x001259a0,_qh_qhstat+0x510,delta
0x001259a8,_qh_qhstat+0x518,delta
0x001259b0,_qh_qhstat+0x520,cooccurrence
0x001259b8,_qh_qhstat+0x528,cooccurrence
0x001259c0,_qh_qhstat+0x530,delta
0x001259c8,_qh_qhstat+0x538,delta
0x001259d0,_qh_qhstat+0x540,delta
0x001259d8,_qh_qhstat+0x548,delta
0x001259e0,_qh_qhstat+0x550,delta
0x001259e8,_qh_qhstat+0x558,delta
0x001259f0,_qh_qhstat+0x560,cooccurrence
0x001259f8,_qh_qhstat+0x568,delta
0x00125a00,_qh_qhstat+0x570,delta
0x00125a08,_qh_qhstat+0x578,delta
0x00125a10,_qh_qhstat+0x580,delta
0x00125a18,_qh_qhstat+0x588,delta
0x00125a20,_qh_qhstat+0x590,cooccurrence
0x00125a28,_qh_qhstat+0x598,delta
0x00125a30,_qh_qhstat+0x5a0,delta
0x00125a38,_qh_qhstat+0x5a8,delta
0x00125a40,_qh_qhstat+0x5b0,delta
0x00125a48,_qh_qhstat+0x5b8,delta
0x00125a50,_qh_qhstat+0x5c0,delta
0x00125a58,_qh_qhstat+0x5c8,delta
0x00125a60,_qh_qhstat+0x5d0,delta
0x00125a68,_qh_qhstat+0x5d8,delta
0x00125a70,_qh_qhstat+0x5e0,delta
0x00125a78,_qh_qhstat+0x5e8,delta
0x00125a80,_qh_qhstat+0x5f0,delta
0x00125a88,_qh_qhstat+0x5f8,delta
0x00125a90,_qh_qhstat+0x600,delta
0x00125a98,_qh_qhstat+0x608,cooccurrence
0x00125aa0,_qh_qhstat+0x610,delta
0x00125aa8,_qh_qhstat+0x618,delta
0x00125ab0,_qh_qhstat+0x620,delta
0x00125ab8,_qh_qhstat+0x628,cooccurrence
0x00125ac0,_qh_qhstat+0x630,delta
0x00125ac8,_qh_qhstat+0x638,cooccurrence
0x00125ad0,_qh_qhstat+0x640,delta
0x00125ad8,_qh_qhstat+0x648,delta
0x00125ae0,_qh_qhstat+0x650,delta
0x00125ae8,_qh_qhstat+0x658,delta
0x00125af0,_qh_qhstat+0x660,delta
0x00125af8,_qh_qhstat+0x668,delta
0x00125b00,_qh_qhstat+0x670,delta
0x00125b08,_qh_qhstat+0x678,delta
0x00125b10,_qh_qhstat+0x680,delta
0x00125b18,_qh_qhstat+0x688,delta
0x00125b20,_qh_qhstat+0x690,delta
0x00125b28,_qh_qhstat+0x698,delta
0x00125b30,_qh_qhstat+0x6a0,delta
0x00125b38,_qh_qhstat+0x6a8,delta
0x00125b40,_qh_qhstat+0x6b0,delta
0x00125b48,_qh_qhstat+0x6b8,delta
0x00125b50,_qh_qhstat+0x6c0,delta
0x00125b58,_qh_qhstat+0x6c8,delta
0x00125b60,_qh_qhstat+0x6d0,delta
0x00125b68,_qh_qhstat+0x6d8,delta
0x00125b70,_qh_qhstat+0x6e0,delta
0x00125b78,_qh_qhstat+0x6e8,cooccurrence
0x00125c60,_qh_qhstat+0x7d0,delta
0x00125c64,_qh_qhstat+0x7d4,delta
0x00125c68,_qh_qhstat+0x7d8,delta
0x00125c6c,_qh_qhstat+0x7dc,delta
0x00125c70,_qh_qhstat+0x7e0,delta
0x00125c74,_qh_qhstat+0x7e4,delta
0x00125c78,_qh_qhstat+0x7e8,delta
0x00125c7c,_qh_qhstat+0x7ec,delta
0x00125c80,_qh_qhstat+0x7f0,delta
0x00125c84,_qh_qhstat+0x7f4,delta
0x00125c88,_qh_qhstat+0x7f8,delta
0x00125c8c,_qh_qhstat+0x7fc,delta
0x00125c90,_qh_qhstat+0x800,delta
0x00125c94,_qh_qhstat+0x804,delta
0x00125c98,_qh_qhstat+0x808,delta
0x00125c9c,_qh_qhstat+0x80c,delta
0x00125ca0,_qh_qhstat+0x810,delta
0x00125ca4,_qh_qhstat+0x814,delta
0x00125ca8,_qh_qhstat+0x818,delta
0x00125cac,_qh_qhstat+0x81c,delta
0x00125cb0,_qh_qhstat+0x820,delta
0x00125cb4,_qh_qhstat+0x824,delta
0x00125cb8,_qh_qhstat+0x828,delta
0x00125cbc,_qh_qhstat+0x82c,delta
0x00125cc0,_qh_qhstat+0x830,delta
0x00125cc4,_qh_qhstat+0x834,delta
0x00125cc8,_qh_qhstat+0x838,delta
0x00125ccc,_qh_qhstat+0x83c,delta
0x00125cd0,_qh_qhstat+0x840,delta
0x00125cd4,_qh_qhstat+0x844,delta
0x00125cd8,_qh_qhstat+0x848,delta
0x00125cdc,_qh_qhstat+0x84c,delta
0x00125ce0,_qh_qhstat+0x850,delta
0x00125ce4,_qh_qhstat+0x854,delta
0x00125ce8,_qh_qhstat+0x858,delta
0x00125cec,_qh_qhstat+0x85c,delta
0x00125cf0,_qh_qhstat+0x860,delta
0x00125cf4,_qh_qhstat+0x864,delta
0x00125cf8,_qh_qhstat+0x868,delta
0x00125cfc,_qh_qhstat+0x86c,delta
0x00125d00,_qh_qhstat+0x870,delta
0x00125d04,_qh_qhstat+0x874,delta
0x00125d08,_qh_qhstat+0x878,delta
0x00125d0c,_qh_qhstat+0x87c,delta
0x00125d10,_qh_qhstat+0x880,delta
0x00125d14,_qh_qhstat+0x884,delta
0x00125d18,_qh_qhstat+0x888,delta
0x00125d1c,_qh_qhstat+0x88c,delta
0x00125d20,_qh_qhstat+0x890,delta
0x00125d24,_qh_qhstat+0x894,delta
0x00125d28,_qh_qhstat+0x898,delta
0x00125d2c,_qh_qhstat+0x89c,delta
0x00125d30,_qh_qhstat+0x8a0,delta
0x00125d34,_qh_qhstat+0x8a4,delta
0x00125d38,_qh_qhstat+0x8a8,delta
0x00125d3c,_qh_qhstat+0x8ac,delta
0x00125d40,_qh_qhstat+0x8b0,delta
0x00125d44,_qh_qhstat+0x8b4,delta
0x00125d48,_qh_qhstat+0x8b8,delta
0x00125d4c,_qh_qhstat+0x8bc,delta
0x00125d50,_qh_qhstat+0x8c0,delta
0x00125d54,_qh_qhstat+0x8c4,delta
0x00125d58,_qh_qhstat+0x8c8,delta
0x00125d5c,_qh_qhstat+0x8cc,delta
0x00125d60,_qh_qhstat+0x8d0,delta
0x00125d64,_qh_qhstat+0x8d4,delta
0x00125d68,_qh_qhstat+0x8d8,delta
0x00125d6c,_qh_qhstat+0x8dc,delta
0x00125d70,_qh_qhstat+0x8e0,delta
0x00125d74,_qh_qhstat+0x8e4,delta
0x00125d78,_qh_qhstat+0x8e8,delta
0x00125d7c,_qh_qhstat+0x8ec,delta
0x00125d80,_qh_qhstat+0x8f0,delta
0x00125d84,_qh_qhstat+0x8f4,delta
0x00125d88,_qh_qhstat+0x8f8,delta
0x00125d8c,_qh_qhstat+0x8fc,delta
0x00125d90,_qh_qhstat+0x900,delta
0x00125d94,_qh_qhstat+0x904,delta
0x00125d98,_qh_qhstat+0x908,delta
0x00125d9c,_qh_qhstat+0x90c,delta
0x00125da0,_qh_qhstat+0x910,delta
0x00125da4,_qh_qhstat+0x914,delta
0x00125da8,_qh_qhstat+0x918,delta
0x00125dac,_qh_qhstat+0x91c,delta
0x00125db0,_qh_qhstat+0x920,delta
0x00125db4,_qh_qhstat+0x924,delta
0x00125db8,_qh_qhstat+0x928,delta
0x00125dbc,_qh_qhstat+0x92c,delta
0x00125dc0,_qh_qhstat+0x930,delta
0x00125dc4,_qh_qhstat+0x934,delta
0x00125dc8,_qh_qhstat+0x938,delta
0x00125dcc,_qh_qhstat+0x93c,delta
0x00125dd0,_qh_qhstat+0x940,delta
0x00125dd4,_qh_qhstat+0x944,delta
0x00125dd8,_qh_qhstat+0x948,delta
0x00125ddc,_qh_qhstat+0x94c,delta
0x00125de0,_qh_qhstat+0x950,delta
0x00125de4,_qh_qhstat+0x954,delta
0x00125de8,_qh_qhstat+0x958,delta
0x00125dec,_qh_qhstat+0x95c,delta
0x00125df0,_qh_qhstat+0x960,delta
0x00125df4,_qh_qhstat+0x964,delta
0x00125df8,_qh_qhstat+0x968,delta
0x00125dfc,_qh_qhstat+0x96c,delta
0x00125e00,_qh_qhstat+0x970,delta
0x00125e04,_qh_qhstat+0x974,delta
0x00125e08,_qh_qhstat+0x978,delta
0x00125e0c,_qh_qhstat+0x97c,delta
0x00125e10,_qh_qhstat+0x980,delta
0x00125e14,_qh_qhstat+0x984,delta
0x00125e18,_qh_qhstat+0x988,delta
0x00125e1c,_qh_qhstat+0x98c,delta
0x00125e20,_qh_qhstat+0x990,delta
0x00125e24,_qh_qhstat+0x994,delta
0x00125e28,_qh_qhstat+0x998,delta
0x00125e2c,_qh_qhstat+0x99c,delta
0x00125e30,_qh_qhstat+0x9a0,delta
0x00125e34,_qh_qhstat+0x9a4,delta
0x00125e38,_qh_qhstat+0x9a8,delta
0x00125e3c,_qh_qhstat+0x9ac,delta
0x00125e40,_qh_qhstat+0x9b0,delta
0x00125e44,_qh_qhstat+0x9b4,delta
0x00125e48,_qh_qhstat+0x9b8,delta
0x00125e4c,_qh_qhstat+0x9bc,delta
0x00125e50,_qh_qhstat+0x9c0,delta
0x00125e54,_qh_qhstat+0x9c4,delta
0x00125e58,_qh_qhstat+0x9c8,delta
0x00125e5c,_qh_qhstat+0x9cc,delta
0x00125e60,_qh_qhstat+0x9d0,delta
0x00125e64,_qh_qhstat+0x9d4,delta
0x00125e68,_qh_qhstat+0x9d8,delta
0x00125e6c,_qh_qhstat+0x9dc,delta
0x00125e70,_qh_qhstat+0x9e0,delta
0x00125e74,_qh_qhstat+0x9e4,delta
0x00125e78,_qh_qhstat+0x9e8,delta
0x00125e7c,_qh_qhstat+0x9ec,delta
0x00125e80,_qh_qhstat+0x9f0,delta
0x00125e84,_qh_qhstat+0x9f4,delta
0x00125e88,_qh_qhstat+0x9f8,delta
0x00125e8c,_qh_qhstat+0x9fc,delta
0x00125e90,_qh_qhstat+0xa00,delta
0x00125e94,_qh_qhstat+0xa04,delta
0x00125e98,_qh_qhstat+0xa08,delta
0x00125e9c,_qh_qhstat+0xa0c,delta
0x00125ea0,_qh_qhstat+0xa10,delta
0x00125ea4,_qh_qhstat+0xa14,delta
0x00125ea8,_qh_qhstat+0xa18,delta
0x00125eac,_qh_qhstat+0xa1c,delta
0x00125eb0,_qh_qhstat+0xa20,delta
0x00125eb4,_qh_qhstat+0xa24,delta
0x00125eb8,_qh_qhstat+0xa28,delta
0x00125ebc,_qh_qhstat+0xa2c,delta
0x00125ec0,_qh_qhstat+0xa30,delta
0x00125ec4,_qh_qhstat+0xa34,delta
0x00125ec8,_qh_qhstat+0xa38,delta
0x00125ecc,_qh_qhstat+0xa3c,delta
0x00125ed0,_qh_qhstat+0xa40,delta
0x00125ed4,_qh_qhstat+0xa44,delta
0x00125ed8,_qh_qhstat+0xa48,delta
0x00125edc,_qh_qhstat+0xa4c,delta
0x00125ee0,_qh_qhstat+0xa50,delta
0x00125ee4,_qh_qhstat+0xa54,delta
0x00125ee8,_qh_qhstat+0xa58,delta
0x00125eec,_qh_qhstat+0xa5c,delta
0x00125ef0,_qh_qhstat+0xa60,delta
0x00125ef4,_qh_qhstat+0xa64,delta
0x00125ef8,_qh_qhstat+0xa68,delta
0x00125efc,_qh_qhstat+0xa6c,delta
0x00125f00,_qh_qhstat+0xa70,delta
0x00125f04,_qh_qhstat+0xa74,delta
0x00125f08,_qh_qhstat+0xa78,delta
0x00125f0c,_qh_qhstat+0xa7c,delta
0x00125f10,_qh_qhstat+0xa80,delta
0x00125f14,_qh_qhstat+0xa84,delta
0x00125f18,_qh_qhstat+0xa88,delta
0x00125f1c,_qh_qhstat+0xa8c,delta
0x00125f20,_qh_qhstat+0xa90,delta
0x00125f24,_qh_qhstat+0xa94,delta
0x00125f28,_qh_qhstat+0xa98,delta
0x00125f2c,_qh_qhstat+0xa9c,delta
0x00125f30,_qh_qhstat+0xaa0,delta
0x00125f34,_qh_qhstat+0xaa4,delta
0x00125f38,_qh_qhstat+0xaa8,delta
0x00125f3c,_qh_qhstat+0xaac,delta
0x00125f40,_qh_qhstat+0xab0,delta
0x00125f44,_qh_qhstat+0xab4,delta
0x00125f48,_qh_qhstat+0xab8,delta
0x00125f4c,_qh_qhstat+0xabc,delta
0x00125f50,_qh_qhstat+0xac0,delta
0x00125f54,_qh_qhstat+0xac4,delta
0x00125f58,_qh_qhstat+0xac8,delta
0x00125f5c,_qh_qhstat+0xacc,delta
0x00125f60,_qh_qhstat+0xad0,delta
0x00125f64,_qh_qhstat+0xad4,delta
0x00125f68,_qh_qhstat+0xad8,delta
0x00125f6c,_qh_qhstat+0xadc,delta
0x00125f70,_qh_qhstat+0xae0,delta
0x00125f74,_qh_qhstat+0xae4,delta
0x00125f78,_qh_qhstat+0xae8,delta
0x00125f7c,_qh_qhstat+0xaec,delta
0x00125f80,_qh_qhstat+0xaf0,delta
0x00125f84,_qh_qhstat+0xaf4,delta
0x00125f88,_qh_qhstat+0xaf8,delta
0x00125f8c,_qh_qhstat+0xafc,delta
0x00125f90,_qh_qhstat+0xb00,delta
0x00125f94,_qh_qhstat+0xb04,delta
0x00125f98,_qh_qhstat+0xb08,delta
0x00125f9c,_qh_qhstat+0xb0c,delta
0x00125fa0,_qh_qhstat+0xb10,delta
0x00125fa4,_qh_qhstat+0xb14,delta
0x00125fa8,_qh_qhstat+0xb18,delta
0x00125fac,_qh_qhstat+0xb1c,delta
0x00125fb0,_qh_qhstat+0xb20,delta
0x00125fb4,_qh_qhstat+0xb24,delta
0x00125fb8,_qh_qhstat+0xb28,delta
0x00125fbc,_qh_qhstat+0xb2c,delta
0x00125fc0,_qh_qhstat+0xb30,delta
0x00125fc4,_qh_qhstat+0xb34,delta
0x00125fc8,_qh_qhstat+0xb38,delta
0x00125fcc,_qh_qhstat+0xb3c,delta
0x00125fd0,_qh_qhstat+0xb40,delta
0x00125fd4,_qh_qhstat+0xb44,delta
0x00125fd6,_qh_qhstat+0xb46,delta
0x00125fd8,_qh_qhstat+0xb48,delta
0x00125fda,_qh_qhstat+0xb4a,delta
0x00125fdc,_qh_qhstat+0xb4c,delta
0x00125fde,_qh_qhstat+0xb4e,delta
0x00125fe0,_qh_qhstat+0xb50,delta
0x00125fe2,_qh_qhstat+0xb52,delta
0x00125fe4,_qh_qhstat+0xb54,delta
0x00125fe6,_qh_qhstat+0xb56,delta
0x00125fe8,_qh_qhstat+0xb58,delta
0x00125fea,_qh_qhstat+0xb5a,delta
0x00125fec,_qh_qhstat+0xb5c,delta
0x00125fee,_qh_qhstat+0xb5e,delta
0x00125ff0,_qh_qhstat+0xb60,delta
0x00125ff2,_qh_qhstat+0xb62,delta
0x00125ff4,_qh_qhstat+0xb64,delta
0x00125ff6,_qh_qhstat+0xb66,delta
0x00125ff8,_qh_qhstat+0xb68,delta
0x00125ffa,_qh_qhstat+0xb6a,delta
0x00125ffc,_qh_qhstat+0xb6c,delta
0x00125ffe,_qh_qhstat+0xb6e,delta
0x00126000,_qh_qhstat+0xb70,delta
0x00126002,_qh_qhstat+0xb72,delta
0x00126004,_qh_qhstat+0xb74,delta
0x00126006,_qh_qhstat+0xb76,delta
0x00126008,_qh_qhstat+0xb78,delta
0x0012600a,_qh_qhstat+0xb7a,delta
0x0012600c,_qh_qhstat+0xb7c,delta
0x0012600e,_qh_qhstat+0xb7e,delta
0x00126010,_qh_qhstat+0xb80,delta
0x00126012,_qh_qhstat+0xb82,delta
0x00126014,_qh_qhstat+0xb84,delta
0x00126016,_qh_qhstat+0xb86,delta
0x00126018,_qh_qhstat+0xb88,delta
0x0012601a,_qh_qhstat+0xb8a,delta
0x0012601c,_qh_qhstat+0xb8c,delta
0x0012601e,_qh_qhstat+0xb8e,delta
0x00126020,_qh_qhstat+0xb90,delta
0x00126022,_qh_qhstat+0xb92,delta
0x00126024,_qh_qhstat+0xb94,delta
0x00126026,_qh_qhstat+0xb96,delta
0x00126028,_qh_qhstat+0xb98,delta
0x0012602a,_qh_qhstat+0xb9a,delta
0x0012602c,_qh_qhstat+0xb9c,delta
0x0012602e,_qh_qhstat+0xb9e,delta
0x00126030,_qh_qhstat+0xba0,delta
0x00126032,_qh_qhstat+0xba2,delta
0x00126034,_qh_qhstat+0xba4,delta
0x00126036,_qh_qhstat+0xba6,delta
0x00126038,_qh_qhstat+0xba8,delta
0x0012603a,_qh_qhstat+0xbaa,delta
0x0012603c,_qh_qhstat+0xbac,delta
0x0012603e,_qh_qhstat+0xbae,delta
0x00126040,_qh_qhstat+0xbb0,delta
0x00126042,_qh_qhstat+0xbb2,delta
0x00126044,_qh_qhstat+0xbb4,delta
0x00126046,_qh_qhstat+0xbb6,delta
0x00126048,_qh_qhstat+0xbb8,delta
0x0012604a,_qh_qhstat+0xbba,delta
0x0012604c,_qh_qhstat+0xbbc,delta
0x0012604e,_qh_qhstat+0xbbe,delta
0x00126050,_qh_qhstat+0xbc0,delta
0x00126052,_qh_qhstat+0xbc2,delta
0x00126054,_qh_qhstat+0xbc4,delta
0x00126056,_qh_qhstat+0xbc6,delta
0x00126058,_qh_qhstat+0xbc8,delta
0x0012605a,_qh_qhstat+0xbca,delta
0x0012605c,_qh_qhstat+0xbcc,delta
0x0012605e,_qh_qhstat+0xbce,delta
0x00126060,_qh_qhstat+0xbd0,delta
0x00126062,_qh_qhstat+0xbd2,delta
0x00126064,_qh_qhstat+0xbd4,delta
0x00126066,_qh_qhstat+0xbd6,delta
0x00126068,_qh_qhstat+0xbd8,delta
0x0012606a,_qh_qhstat+0xbda,delta
0x0012606c,_qh_qhstat+0xbdc,delta
0x0012606e,_qh_qhstat+0xbde,delta
0x00126070,_qh_qhstat+0xbe0,delta
0x00126072,_qh_qhstat+0xbe2,delta
0x00126074,_qh_qhstat+0xbe4,delta
0x00126076,_qh_qhstat+0xbe6,delta
0x00126078,_qh_qhstat+0xbe8,delta
0x0012607a,_qh_qhstat+0xbea,delta
0x0012607c,_qh_qhstat+0xbec,delta
0x0012607e,_qh_qhstat+0xbee,delta
0x00126080,_qh_qhstat+0xbf0,delta
0x00126082,_qh_qhstat+0xbf2,delta
0x00126084,_qh_qhstat+0xbf4,delta
0x00126086,_qh_qhstat+0xbf6,delta
0x00126088,_qh_qhstat+0xbf8,delta
0x0012608a,_qh_qhstat+0xbfa,delta
0x0012608c,_qh_qhstat+0xbfc,delta
0x0012608e,_qh_qhstat+0xbfe,delta
0x00126090,_qh_qhstat+0xc00,delta
0x00126092,_qh_qhstat+0xc02,delta
0x00126094,_qh_qhstat+0xc04,delta
0x00126096,_qh_qhstat+0xc06,delta
0x00126098,_qh_qhstat+0xc08,delta
0x0012609a,_qh_qhstat+0xc0a,delta
0x0012609c,_qh_qhstat+0xc0c,delta
0x0012609e,_qh_qhstat+0xc0e,delta
0x001260a0,_qh_qhstat+0xc10,delta
0x001260a2,_qh_qhstat+0xc12,delta
0x001260a4,_qh_qhstat+0xc14,delta
0x001260a6,_qh_qhstat+0xc16,delta
0x001260a8,_qh_qhstat+0xc18,delta
0x001260aa,_qh_qhstat+0xc1a,delta
0x001260ac,_qh_qhstat+0xc1c,delta
0x001260ae,_qh_qhstat+0xc1e,delta
0x001260b0,_qh_qhstat+0xc20,delta
0x001260b2,_qh_qhstat+0xc22,delta
0x001260b4,_qh_qhstat+0xc24,delta
0x001260b6,_qh_qhstat+0xc26,delta
0x001260b8,_qh_qhstat+0xc28,delta
0x001260ba,_qh_qhstat+0xc2a,delta
0x001260bc,_qh_qhstat+0xc2c,delta
0x001260be,_qh_qhstat+0xc2e,delta
0x001260c0,_qh_qhstat+0xc30,delta
0x001260c2,_qh_qhstat+0xc32,delta
0x001260c4,_qh_qhstat+0xc34,delta
0x001260c6,_qh_qhstat+0xc36,delta
0x001260c8,_qh_qhstat+0xc38,delta
0x001260ca,_qh_qhstat+0xc3a,delta
0x001260cc,_qh_qhstat+0xc3c,delta
0x001260ce,_qh_qhstat+0xc3e,delta
0x001260d0,_qh_qhstat+0xc40,delta
0x001260d2,_qh_qhstat+0xc42,delta
0x001260d4,_qh_qhstat+0xc44,delta
0x001260d6,_qh_qhstat+0xc46,delta
0x001260d8,_qh_qhstat+0xc48,delta
0x001260da,_qh_qhstat+0xc4a,delta
0x001260dc,_qh_qhstat+0xc4c,delta
0x001260de,_qh_qhstat+0xc4e,delta
0x001260e0,_qh_qhstat+0xc50,delta
0x001260e2,_qh_qhstat+0xc52,delta
0x001260e4,_qh_qhstat+0xc54,delta
0x001260e6,_qh_qhstat+0xc56,delta
0x001260e8,_qh_qhstat+0xc58,delta
0x001260ea,_qh_qhstat+0xc5a,delta
0x001260ec,_qh_qhstat+0xc5c,delta
0x001260ee,_qh_qhstat+0xc5e,delta
0x001260f0,_qh_qhstat+0xc60,delta
0x001260f2,_qh_qhstat+0xc62,delta
0x001260f4,_qh_qhstat+0xc64,delta
0x001260f6,_qh_qhstat+0xc66,delta
0x001260f8,_qh_qhstat+0xc68,delta
0x001260fa,_qh_qhstat+0xc6a,delta
0x001260fc,_qh_qhstat+0xc6c,delta
0x001260fe,_qh_qhstat+0xc6e,delta
0x00126100,_qh_qhstat+0xc70,delta
0x00126102,_qh_qhstat+0xc72,delta
0x00126104,_qh_qhstat+0xc74,delta
0x00126106,_qh_qhstat+0xc76,delta
0x00126108,_qh_qhstat+0xc78,delta
0x0012610a,_qh_qhstat+0xc7a,delta
0x0012610c,_qh_qhstat+0xc7c,delta
0x0012610e,_qh_qhstat+0xc7e,delta
0x00126110,_qh_qhstat+0xc80,delta
0x00126112,_qh_qhstat+0xc82,delta
0x00126114,_qh_qhstat+0xc84,delta
0x00126116,_qh_qhstat+0xc86,delta
0x00126118,_qh_qhstat+0xc88,delta
0x0012611a,_qh_qhstat+0xc8a,delta
0x0012611c,_qh_qhstat+0xc8c,delta
0x0012611e,_qh_qhstat+0xc8e,delta
0x00126120,_qh_qhstat+0xc90,delta
0x00126122,_qh_qhstat+0xc92,delta
0x00126124,_qh_qhstat+0xc94,delta
0x00126126,_qh_qhstat+0xc96,delta
0x00126128,_qh_qhstat+0xc98,delta
0x0012612a,_qh_qhstat+0xc9a,delta
0x0012612c,_qh_qhstat+0xc9c,delta
0x0012612e,_qh_qhstat+0xc9e,delta
0x00126130,_qh_qhstat+0xca0,delta
0x00126132,_qh_qhstat+0xca2,delta
0x00126134,_qh_qhstat+0xca4,delta
0x00126136,_qh_qhstat+0xca6,delta
0x00126138,_qh_qhstat+0xca8,delta
0x0012613a,_qh_qhstat+0xcaa,delta
0x0012613c,_qh_qhstat+0xcac,delta
0x0012613e,_qh_qhstat+0xcae,delta
0x00126140,_qh_qhstat+0xcb0,delta
0x00126142,_qh_qhstat+0xcb2,delta
0x00126144,_qh_qhstat+0xcb4,delta
0x00126146,_qh_qhstat+0xcb6,delta
0x00126148,_qh_qhstat+0xcb8,delta
0x0012614a,_qh_qhstat+0xcba,delta
0x0012614c,_qh_qhstat+0xcbc,delta
0x0012614e,_qh_qhstat+0xcbe,delta
0x00126150,_qh_qhstat+0xcc0,delta
0x00126152,_qh_qhstat+0xcc2,delta
0x00126154,_qh_qhstat+0xcc4,delta
0x00126156,_qh_qhstat+0xcc6,delta
0x00126158,_qh_qhstat+0xcc8,delta
0x0012615a,_qh_qhstat+0xcca,delta
0x0012615c,_qh_qhstat+0xccc,delta
0x0012615e,_qh_qhstat+0xcce,delta
0x00126160,_qh_qhstat+0xcd0,delta
0x00126162,_qh_qhstat+0xcd2,delta
0x00126164,_qh_qhstat+0xcd4,delta
0x00126166,_qh_qhstat+0xcd6,delta
0x00126168,_qh_qhstat+0xcd8,delta
0x0012616a,_qh_qhstat+0xcda,delta
0x0012616c,_qh_qhstat+0xcdc,delta
0x0012616e,_qh_qhstat+0xcde,delta
0x00126170,_qh_qhstat+0xce0,delta
0x00126172,_qh_qhstat+0xce2,delta
0x00126174,_qh_qhstat+0xce4,delta
0x00126176,_qh_qhstat+0xce6,delta
0x00126178,_qh_qhstat+0xce8,delta
0x0012617a,_qh_qhstat+0xcea,delta
0x0012617c,_qh_qhstat+0xcec,delta
0x0012617e,_qh_qhstat+0xcee,delta
0x00126180,_qh_qhstat+0xcf0,delta
0x00126182,_qh_qhstat+0xcf2,delta
0x00126184,_qh_qhstat+0xcf4,delta
0x00126186,_qh_qhstat+0xcf6,delta
0x00126188,_qh_qhstat+0xcf8,delta
0x0012618a,_qh_qhstat+0xcfa,delta
0x0012618c,_qh_qhstat+0xcfc,delta
0x0012618e,_qh_qhstat+0xcfe,cooccurrence
0x0012618f,_qh_qhstat+0xcff,delta
0x00126190,_qh_qhstat+0xd00,delta
0x00126191,_qh_qhstat+0xd01,delta
0x00126192,_qh_qhstat+0xd02,delta
0x00126193,_qh_qhstat+0xd03,delta
0x00126194,_qh_qhstat+0xd04,delta
0x00126195,_qh_qhstat+0xd05,delta
0x00126196,_qh_qhstat+0xd06,delta
0x00126197,_qh_qhstat+0xd07,delta
0x00126198,_qh_qhstat+0xd08,delta
0x00126199,_qh_qhstat+0xd09,delta
0x0012619a,_qh_qhstat+0xd0a,delta
0x0012619b,_qh_qhstat+0xd0b,delta
0x0012619c,_qh_qhstat+0xd0c,delta
0x0012619d,_qh_qhstat+0xd0d,delta
0x0012619e,_qh_qhstat+0xd0e,delta
0x0012619f,_qh_qhstat+0xd0f,delta
0x001261a0,_qh_qhstat+0xd10,delta
0x001261a1,_qh_qhstat+0xd11,delta
0x001261a2,_qh_qhstat+0xd12,delta
0x001261a3,_qh_qhstat+0xd13,delta
0x001261a4,_qh_qhstat+0xd14,delta
0x001261a5,_qh_qhstat+0xd15,delta
0x001261a6,_qh_qhstat+0xd16,delta
0x001261a7,_qh_qhstat+0xd17,delta
0x001261a8,_qh_qhstat+0xd18,delta
0x001261a9,_qh_qhstat+0xd19,delta
0x001261aa,_qh_qhstat+0xd1a,delta
0x001261ab,_qh_qhstat+0xd1b,delta
0x001261ac,_qh_qhstat+0xd1c,delta
0x001261ad,_qh_qhstat+0xd1d,delta
0x001261ae,_qh_qhstat+0xd1e,delta
0x001261af,_qh_qhstat+0xd1f,delta
0x001261b0,_qh_qhstat+0xd20,delta
0x001261b1,_qh_qhstat+0xd21,delta
0x001261b2,_qh_qhstat+0xd22,delta
0x001261b3,_qh_qhstat+0xd23,delta
0x001261b4,_qh_qhstat+0xd24,delta
0x001261b5,_qh_qhstat+0xd25,delta
0x001261b6,_qh_qhstat+0xd26,delta
0x001261b7,_qh_qhstat+0xd27,delta
0x001261b8,_qh_qhstat+0xd28,delta
0x001261b9,_qh_qhstat+0xd29,delta
0x001261ba,_qh_qhstat+0xd2a,delta
0x001261bb,_qh_qhstat+0xd2b,delta
0x001261bc,_qh_qhstat+0xd2c,delta
0x001261bd,_qh_qhstat+0xd2d,delta
0x001261be,_qh_qhstat+0xd2e,delta
0x001261bf,_qh_qhstat+0xd2f,delta
0x001261c0,_qh_qhstat+0xd30,delta
0x001261c1,_qh_qhstat+0xd31,delta
0x001261c2,_qh_qhstat+0xd32,delta
0x001261c3,_qh_qhstat+0xd33,delta
0x001261c4,_qh_qhstat+0xd34,delta
0x001261c5,_qh_qhstat+0xd35,delta
0x001261c6,_qh_qhstat+0xd36,delta
0x001261c7,_qh_qhstat+0xd37,delta
0x001261c8,_qh_qhstat+0xd38,delta
0x001261c9,_qh_qhstat+0xd39,delta
0x001261ca,_qh_qhstat+0xd3a,delta
0x001261cb,_qh_qhstat+0xd3b,delta
0x001261cc,_qh_qhstat+0xd3c,delta
0x001261cd,_qh_qhstat+0xd3d,delta
0x001261ce,_qh_qhstat+0xd3e,delta
0x001261cf,_qh_qhstat+0xd3f,delta
0x001261d0,_qh_qhstat+0xd40,delta
0x001261d1,_qh_qhstat+0xd41,delta
0x001261d2,_qh_qhstat+0xd42,delta
0x001261d3,_qh_qhstat+0xd43,delta
0x001261d4,_qh_qhstat+0xd44,delta
0x001261d5,_qh_qhstat+0xd45,delta
0x001261d6,_qh_qhstat+0xd46,delta
0x001261d7,_qh_qhstat+0xd47,delta
0x001261d8,_qh_qhstat+0xd48,delta
0x001261d9,_qh_qhstat+0xd49,delta
0x001261da,_qh_qhstat+0xd4a,delta
0x001261db,_qh_qhstat+0xd4b,delta
0x001261dc,_qh_qhstat+0xd4c,delta
0x001261dd,_qh_qhstat+0xd4d,delta
0x001261de,_qh_qhstat+0xd4e,delta
0x001261df,_qh_qhstat+0xd4f,delta
0x001261e0,_qh_qhstat+0xd50,delta
0x001261e1,_qh_qhstat+0xd51,delta
0x001261e2,_qh_qhstat+0xd52,delta
0x001261e3,_qh_qhstat+0xd53,delta
0x001261e4,_qh_qhstat+0xd54,delta
0x001261e5,_qh_qhstat+0xd55,delta
0x001261e6,_qh_qhstat+0xd56,delta
0x001261e7,_qh_qhstat+0xd57,delta
0x001261e8,_qh_qhstat+0xd58,delta
0x001261e9,_qh_qhstat+0xd59,delta
0x001261ea,_qh_qhstat+0xd5a,delta
0x001261eb,_qh_qhstat+0xd5b,delta
0x001261ec,_qh_qhstat+0xd5c,delta
0x001261ed,_qh_qhstat+0xd5d,delta
0x001261ee,_qh_qhstat+0xd5e,delta
0x001261ef,_qh_qhstat+0xd5f,delta
0x001261f0,_qh_qhstat+0xd60,delta
0x001261f1,_qh_qhstat+0xd61,delta
0x001261f2,_qh_qhstat+0xd62,delta
0x001261f3,_qh_qhstat+0xd63,delta
0x001261f4,_qh_qhstat+0xd64,delta
0x001261f5,_qh_qhstat+0xd65,delta
0x001261f6,_qh_qhstat+0xd66,delta
0x001261f7,_qh_qhstat+0xd67,delta
0x001261f8,_qh_qhstat+0xd68,delta
0x001261f9,_qh_qhstat+0xd69,delta
0x001261fa,_qh_qhstat+0xd6a,delta
0x001261fb,_qh_qhstat+0xd6b,delta
0x001261fc,_qh_qhstat+0xd6c,delta
0x001261fd,_qh_qhstat+0xd6d,delta
0x001261fe,_qh_qhstat+0xd6e,delta
0x001261ff,_qh_qhstat+0xd6f,delta
0x00126200,_qh_qhstat+0xd70,delta
0x00126201,_qh_qhstat+0xd71,delta
0x00126202,_qh_qhstat+0xd72,delta
0x00126203,_qh_qhstat+0xd73,delta
0x00126204,_qh_qhstat+0xd74,delta
0x00126205,_qh_qhstat+0xd75,delta
0x00126206,_qh_qhstat+0xd76,delta
0x00126207,_qh_qhstat+0xd77,delta
0x00126208,_qh_qhstat+0xd78,delta
0x00126209,_qh_qhstat+0xd79,delta
0x0012620a,_qh_qhstat+0xd7a,delta
0x0012620b,_qh_qhstat+0xd7b,delta
0x0012620c,_qh_qhstat+0xd7c,delta
0x0012620d,_qh_qhstat+0xd7d,delta
0x0012620e,_qh_qhstat+0xd7e,delta
0x0012620f,_qh_qhstat+0xd7f,delta
0x00126210,_qh_qhstat+0xd80,delta
0x00126211,_qh_qhstat+0xd81,delta
0x00126212,_qh_qhstat+0xd82,delta
0x00126213,_qh_qhstat+0xd83,delta
0x00126214,_qh_qhstat+0xd84,delta
0x00126215,_qh_qhstat+0xd85,delta
0x00126216,_qh_qhstat+0xd86,delta
0x00126217,_qh_qhstat+0xd87,delta
0x00126218,_qh_qhstat+0xd88,delta
0x00126219,_qh_qhstat+0xd89,delta
0x0012621a,_qh_qhstat+0xd8a,delta
0x0012621b,_qh_qhstat+0xd8b,delta
0x0012621c,_qh_qhstat+0xd8c,delta
0x0012621d,_qh_qhstat+0xd8d,delta
0x0012621e,_qh_qhstat+0xd8e,delta
0x0012621f,_qh_qhstat+0xd8f,delta
0x00126220,_qh_qhstat+0xd90,delta
0x00126221,_qh_qhstat+0xd91,delta
0x00126222,_qh_qhstat+0xd92,delta
0x00126223,_qh_qhstat+0xd93,delta
0x00126224,_qh_qhstat+0xd94,delta
0x00126225,_qh_qhstat+0xd95,delta
0x00126226,_qh_qhstat+0xd96,delta
0x00126227,_qh_qhstat+0xd97,delta
0x00126228,_qh_qhstat+0xd98,delta
0x00126229,_qh_qhstat+0xd99,delta
0x0012622a,_qh_qhstat+0xd9a,delta
0x0012622b,_qh_qhstat+0xd9b,delta
0x0012622c,_qh_qhstat+0xd9c,delta
0x0012622d,_qh_qhstat+0xd9d,delta
0x0012622e,_qh_qhstat+0xd9e,delta
0x0012622f,_qh_qhstat+0xd9f,delta
0x00126230,_qh_qhstat+0xda0,delta
0x00126231,_qh_qhstat+0xda1,delta
0x00126232,_qh_qhstat+0xda2,delta
0x00126233,_qh_qhstat+0xda3,delta
0x00126234,_qh_qhstat+0xda4,delta
0x00126235,_qh_qhstat+0xda5,delta
0x00126236,_qh_qhstat+0xda6,delta
0x00126237,_qh_qhstat+0xda7,delta
0x00126238,_qh_qhstat+0xda8,delta
0x00126239,_qh_qhstat+0xda9,delta
0x0012623a,_qh_qhstat+0xdaa,delta
0x0012623b,_qh_qhstat+0xdab,delta
0x0012623c,_qh_qhstat+0xdac,delta
0x0012623d,_qh_qhstat+0xdad,delta
0x0012623e,_qh_qhstat+0xdae,delta
0x0012623f,_qh_qhstat+0xdaf,delta
0x00126240,_qh_qhstat+0xdb0,delta
0x00126241,_qh_qhstat+0xdb1,delta
0x00126242,_qh_qhstat+0xdb2,delta
0x00126243,_qh_qhstat+0xdb3,delta
0x00126244,_qh_qhstat+0xdb4,delta
0x00126245,_qh_qhstat+0xdb5,delta
0x00126246,_qh_qhstat+0xdb6,delta
0x00126247,_qh_qhstat+0xdb7,delta
0x00126248,_qh_qhstat+0xdb8,delta
0x00126249,_qh_qhstat+0xdb9,delta
0x0012624a,_qh_qhstat+0xdba,delta
0x0012624b,_qh_qhstat+0xdbb,delta
0x0012624c,_qh_qhstat+0xdbc,delta
0x0012624d,_qh_qhstat+0xdbd,delta
0x0012624e,_qh_qhstat+0xdbe,delta
0x0012624f,_qh_qhstat+0xdbf,delta
0x00126250,_qh_qhstat+0xdc0,delta
0x00126251,_qh_qhstat+0xdc1,delta
0x00126252,_qh_qhstat+0xdc2,delta
0x00126253,_qh_qhstat+0xdc3,delta
0x00126254,_qh_qhstat+0xdc4,delta
0x00126255,_qh_qhstat+0xdc5,delta
0x00126256,_qh_qhstat+0xdc6,delta
0x00126257,_qh_qhstat+0xdc7,delta
0x00126258,_qh_qhstat+0xdc8,delta
0x00126259,_qh_qhstat+0xdc9,delta
0x0012625a,_qh_qhstat+0xdca,delta
0x0012625b,_qh_qhstat+0xdcb,delta
0x0012625c,_qh_qhstat+0xdcc,delta
0x0012625d,_qh_qhstat+0xdcd,delta
0x0012625e,_qh_qhstat+0xdce,delta
0x0012625f,_qh_qhstat+0xdcf,delta
0x00126260,_qh_qhstat+0xdd0,delta
0x00126261,_qh_qhstat+0xdd1,delta
0x00126262,_qh_qhstat+0xdd2,delta
0x00126263,_qh_qhstat+0xdd3,delta
0x00126264,_qh_qhstat+0xdd4,delta
0x00126265,_qh_qhstat+0xdd5,delta
0x00126266,_qh_qhstat+0xdd6,delta
0x00126267,_qh_qhstat+0xdd7,delta
0x00126268,_qh_qhstat+0xdd8,delta
0x00126269,_qh_qhstat+0xdd9,delta
0x0012626a,_qh_qhstat+0xdda,delta
0x0012626b,_qh_qhstat+0xddb,cooccurrence
0x00126348,_qh_qhstat+0xeb8,cooccurrence
0x00126350,_qh_qhstat+0xec0,delta
0x00126358,_qh_qhstat+0xec8,delta
0x00126360,_qh_qhstat+0xed0,delta
0x00126368,_qh_qhstat+0xed8,delta
0x00126378,_qh_qhstat+0xee8,delta
0x00126380,_qh_qhstat+0xef0,delta
0x00126388,_qh_qhstat+0xef8,delta
0x00126390,_qh_qhstat+0xf00,delta
0x00126394,_qh_qhstat+0xf04,cooccurrence
0x00126398,_qh_qhstat+0xf08,cooccurrence
